state,utility,docket,status,date,threshold_mw,min_take_pct,term_years,summary,source_url,source_name
OH,AEP Ohio,PUCO 24-0508-EL-ATA,in_force,2025-07-09,25,85,12,"PUCO-approved tariff (July 9, 2025, effective July 23): 25 MW+ data centers pay at least 85% of subscribed capacity for up to 12 years (4-year ramp), with an exit fee equal to three years of minimum charges; under appeal at the Ohio Supreme Court",https://puco.ohio.gov/news/puco-orders-aep-ohio-to-create-data-center-specific-tariff,PUCO
IN,Indiana Michigan Power,IURC cause 46097,in_force,2025-02-19,,80,12,"IURC-approved settlement (order February 19, 2025): 80% minimum billing demand and 12-year minimum contracts after a 5-year ramp; signed by Amazon, Microsoft, Google, the Data Center Coalition, and consumer advocates",https://indianacapitalchronicle.com/2024/11/26/ratepayer-advocates-hail-landmark-settlement-with-data-centers-utility-company/,Indiana Capital Chronicle / IURC order 46097
GA,Georgia Power (PSC rule),GA PSC docket 44280,in_force,2025-02-01,100,,15,"Georgia PSC rule effective February 1, 2025: new 100 MW+ customers take custom contracts with minimum billing, terms up to 15 years, and PSC review 30 days before execution",https://psc.ga.gov/site/assets/files/8617/media_advisory_data_centers_rule_1-23-2025.pdf,Georgia PSC media advisory
VA,Dominion Energy (GS-5),VA SCC PUR-2025-00058,enacted,2025-11-25,25,85,14,"SCC-approved GS-5 class (November 25, 2025, effective January 1, 2027): 25 MW+ customers pay at least 85% of contracted distribution and transmission demand plus 60% of generation demand, minimum 14-year contracts, $1.5M/MW collateral",https://www.scc.virginia.gov/about-the-scc/newsreleases/release/scc-issues-order-on-dev-biennial-review-2025/scc-rules-in-dev-biennial-review-case.html,Virginia SCC news release
OR,Portland General Electric (Schedule 96),OPUC UM 2377,in_force,2026-05-07,,90,,"OPUC-approved Schedule 96 (May 7, 2026) under the POWER Act: 90% minimum demand charge, 100% of distribution upgrades paid by the customer, 10-30 year contracts, and a 1 cent/kWh surcharge above 100 MW funding low-income energy programs",https://www.utilitydive.com/news/oregon-puc-approves-pges-large-load-tariff-framework-for-data-centers/821361/,Utility Dive / OPUC docket UM 2377
MO,Evergy,MO PSC EO-2025-0154,enacted,2025-11-13,75,80,12,"Large Load Power Service plan approved 4-0 (effective Dec 13, 2025) implementing SB 4: 75 MW+ eligibility, minimum monthly bill with an 80% demand-charge floor, 12-year minimum terms plus up to a 5-year ramp, exit charges and a cost stabilization rider",https://efis.psc.mo.gov/Document/Display/857331,"Missouri PSC Report and Order, Case EO-2025-0154"
MI,Consumers Energy,MPSC U-21859,enacted,2025-11-06,100,80,15,"Rate GPD data-center provisions: 100 MW threshold (or 100 MW aggregated across 20 MW+ common-owner sites), 15-year minimum contracts, 80% minimum billing demand, ramp of up to 5 years, automatic 5-year extensions absent 4 years' notice",https://www.michigan.gov/mpsc/commission/news-releases/2025/11/06/mpsc-approves-terms-of-service-between-consumers-energy-and-data-centers,"Michigan PSC news release, Case U-21859"
TX,El Paso Electric,PUCT Docket 56903,enacted,2025-07-31,,,,"Economic-development rate riders (Schedules 33A/33B) approved by settlement for a 100 MW+ data center, with a floor at the utility's incremental cost. A negotiated economic-development rate rather than a restrictive large-load tariff, noted for honesty. A follow-on update (Docket 59948) was pending as of mid-2026",https://interchange.puc.texas.gov/Documents/56903_55_1526529.PDF,PUCT Docket 56903 Final Order
VA,Dominion Energy,"SCC order on Dominion Rider T1 transmission cost allocation (July 31, 2026)",enacted,2026-07-31,,,,"Mandatory contribution in aid of construction directly assigning the cost of substations and transmission lines built to serve new direct-connect large loads (data centers foremost) to those customers instead of all ratepayers. Cut the residential share of Dominion's ~$1.5B Rider T1 filing from $2.90 to $0.94 a month, and the SCC flagged a future docket on assigning more upstream transmission costs",https://virginiamercury.com/2026/08/05/scc-orders-dominion-to-develop-tariff-to-assign-more-transmission-costs-to-data-centers/,"Virginia Mercury (Aug 5, 2026); Governor's office release (Aug 10, 2026)"
