city,fiscal_year,pdf_url,status,general_liability_arrangement,sir_per_occurrence,excess_limit,has_self_funded_health_plan,has_wc_self_insurance_plan,liability_claims_paid_latest_fy,quote,page_hint
Yonkers,2024,https://www.yonkersny.gov/ArchiveCenter/ViewFile/Item/681,ok,self_insured (no excess purchased for liability or workers' comp; conventional property/casualty and public officials policies only),n/a (fully self-insured),none (conventional insurance not purchased for catastrophic losses),no (purchases conventional health insurance),yes,"3,050,000 (general liability claims and claims adjustment expenses paid, FY ended 6/30/2024)","The City is currently self-insured for general, auto, police and fire liability and workers' compensation claims. Conventional insurance is not purchased for catastrophic losses.",ACFR FY6/30/2024; Note 4.C Risk Management printed p.75 (pdf p104); Note 3 Claims Payable rollforward printed p.66 (pdf p95)
Rochester,2024,https://cityofrochester.gov/sites/default/files/2024-12/2024%20ACFR%20-%20City%20of%20Rochester%2C%20NY.pdf,ok,self_insured (fully self-insured for general liability and workers' comp; GL claims funded through a Claims Settlement internal service fund),n/a (fully self-insured),"none stated (note mentions no excess policy for the City; the School District carries a GL policy with $500,000 SIR and $10M limits)",unclear (City health plan not addressed in the risk note; District carries stop loss for major medical),yes,"4,666,000 (general liability payments 2023-24, table in 000s)",The City has been fully self-insured for all workers' compensation and general liability risks for over thirty years.,ACFR FY6/30/2024; Notes IV.A Risk Management printed p.87-88 (pdf p91)
Buffalo,2024,https://www.buffalocomptrollerny.gov/DocumentCenter/View/603/2023-2024-City-of-Buffalo-Comprehensive-Annual-Financial-Report,ok,"self_insured (self-insured for general liability; commercial coverage only for the ballpark, public employee liability and data processing equipment)",n/a (fully self-insured),none stated,unclear (not addressed in the risk note),yes,"44,013,388 (expenditures for property damage and personal injury claims, FY ended 6/30/2024; judgments-and-claims liability reductions 42,007,000)",The City is self-insured for general liability risk. The City is self-insured for workers' compensation and has accrued its best estimate of both asserted and unasserted workers' compensation losses.,ACFR FY6/30/2024; Note 8 Risk Management printed p.70-71 (pdf p89-90); long-term liabilities rollforward pdf p92
New Rochelle,2024,https://www.newrochelleny.gov/DocumentCenter/View/21775/2024-Year-End-Financial-Report,ok,self_insured_with_excess (commercial GL/law enforcement/public officials/auto policy above a $1M SIR; deductibles funded through a General Liability internal service fund),"1,000,000","10,000,000 per occurrence; 11,000,000 annual aggregate (all liability lines combined)",no (purchases conventional health insurance),yes,"1,880,726 (general and automobile liability claims and claims adjustment expenses paid, CY2024)","General liability coverage, law enforcement professional coverage, employee benefits liability coverage, public officials liability and automobile coverage of $10 million, with a $1 million self-insured retention per occurrence, with an annual aggregate of $11 million for all of the above policies.",ACFR CY2024; Note 14(c) Risk Management printed p.65 (pdf p81); Note 8 Claims Payable rollforward printed p.53-54 (pdf p70-71)
Syracuse,2024,https://www.syr.gov/files/sharedassets/public/v/1/departments/finance/documents/city-of-syracuse-new-york-2024-fs-final.pdf,ok,"self_insured (primarily self-insured for general liability, workers' comp, medical and dental; property coverage only above $250,000 per occurrence for certain buildings)",n/a (fully self-insured),none stated,yes,yes,"not separately reported (Note 9 rollforward covers workers' comp and health/dental only; judgments-and-claims long-term liability rollforward shows additions of 4,880,000 and no reductions in FY2024)","The City is primarily self-insured for medical, dental, workers' compensation and general liability claims.",Audited FS FY6/30/2024; Note 9 Self Insurance printed p.72-73 (pdf p77-78); Note 5 long-term liabilities pdf p56
White Plains,2024,https://www.cityofwhiteplains.com/DocumentCenter/View/10444/2023-2024,ok,"self_insured_with_excess (self-insures general and auto liability; excess umbrella liability policy above a $1,000,000 SIR; Self Insurance Fund internal service fund)","1,000,000",not stated (excess umbrella policy limit not disclosed),unclear (not addressed in the risk note),"yes (workers' comp excess policy above a $750,000 SIR)","1,252,367 (general liability claims and claims adjustment expense paid, FY ended 6/30/2024)","The City self-insures its general liability and automobile liability and purchases an excess umbrella liability insurance policy ($1,000,000 self-insured retention).",ACFR FY6/30/2024; Note 4.A Self Insurance Fund printed p.85 (pdf p93); Claims Payable rollforward printed p.79-80 (pdf p87)
Albany,2024,https://albanyny.gov/ArchiveCenter/ViewFile/Item/319,note_not_found,"unclear (statements contain no risk-management/insurance note; only a $3,388,000 judgments-and-claims accrual and workers' comp self-insurance are disclosed)",unclear,unclear,yes (MD&A: City is self-insured and pays actual claims for employees in the Empire Blue Cross plan),yes,"not reported (only workers' comp rollforward given: 4,269,727 paid in 2024)","The City self-insures workers' compensation claims. The City and its component units, with the exception of the BID, the Association, and the CBID, all participate in the self-insurance program.",Audited FS + Uniform Guidance ('Long Form') CY2024; Note 14(c) Litigation and contingent liabilities pdf p50; MD&A pdf p17. Short Form (ADID 320) has the same notes.
Niagara Falls,2024,https://www.niagarafallsusa.org/Documents/Government/Department/Controller/City%20of%20Niagara%20Falls%20Final%20FS%202024.pdf,ok,"self_insured_with_excess (retains tort/general liability losses up to $1,000,000; insurance above that; all risk activity reported in a Self Insurance Fund)","1,000,000","5,000,000 per occurrence; 15,000,000 aggregate","yes (stop loss above $250,000 per occurrence)","yes (excess insurance above $800,000 per occurrence)","1,126,818 (total expenditures for claims and judgments in governmental funds, CY2024; no GL-specific rollforward)","The City has determined that it was not economically justifiable to carry insurance for risks or loss related to torts and other general liability claims except for amounts in excess of $1,000,000.",Audited FS CY2024; Note 5 Risk Financing printed p.61-62 (pdf p65-66)
Mount Vernon,2021,https://cmvny.com/DocumentCenter/View/12681/City-Audit-Report-2021,ok,"self_insured_with_excess (general, law enforcement and auto liability policy with $7M limits above a $350,000 SIR; public officials/EPL $8M above $100,000 SIR)","350,000","7,000,000 (general/law enforcement/auto liability limits)",unclear (risk note silent; employees covered through NYSHIP per OPEB note),"yes (excess workers' comp above a $700,000 SIR)","67,275 (general liability claims paid and adjustments, CY2021)","The City maintains general, law enforcement and auto liability insurance with limits of $7million, excess of a self-insured retention (“SIR”). From 2010 to the present, the City has a $350,000 SIR, except for the 2014/15 policy year which had an SIR of $250,000.","Audited FS CY2021 (most recent issued; FY2022-2024 audits not posted as of 2026-10-08, FAC also shows FY2021 as latest); Note 4.C Risk Management printed p.49 (pdf p51); Claims Payable rollforward printed p.38 (pdf p40)"
Schenectady,2024,https://app.fac.gov/dissemination/report/pdf/2024-12-GSAFAC-0000371135,ok,"commercial (general liability insurance with a $50,000-$100,000 per-claim deductible depending on claim type; a small 'risk retention (litigation)' liability is carried)","50,000-100,000 deductible per claim",not stated,"yes (self-insured to $200,000 per individual; commercial layer $200,000-$1,000,000; above $1,000,000 self-insured)",yes,"88,009 (risk retention/litigation payments made during 2024; health and workers' comp shown separately)","The City maintains general liability insurance which carries a deductible of $50,000 to $100,000 per claim based on the type of claim.",Audited FS CY2024 via FAC single-audit package (city site archive stops at 2016); Note 1.H printed p.23-25 (pdf p25-27)
Utica,2024,https://app.fac.gov/dissemination/report/pdf/2024-03-GSAFAC-0000352687,ok,self_insured (note states the City assumes the risk for general liability; no excess coverage disclosed),n/a (fully self-insured per note),none stated,yes (self-insured health/dental/vision with stop loss; internal service fund since 2023),unclear (no workers' comp disclosure found),not reported,"The City assumes the risk for general liability. The City is involved in many pending tort claims against it, the ultimate outcomes of which cannot be reasonably determined.",Audited FS FY ended 3/31/2024 via FAC single-audit package (not posted on cityofutica.com; FY3/31/2025 also on FAC: 2025-03-GSAFAC-0000394903); Note 1 Insurance pdf p34; Note 16 pdf p55; Note 18 Self-Insured Activity pdf p57
Troy,2024,https://troyny.gov/Archive.aspx?ADID=1375,ok,"self_insured_with_excess (self-insured for the first $750,000 of any claim; general liability insurance of $3M per occurrence above; older claims carry $500,000, one recent claim $1,000,000 retention)","750,000 (500,000 for claims filed before 1/1/2022; 1,000,000 on one recent case)","3,000,000 per occurrence above the retention","yes (non-Medicare Advantage plan self-insured with $150,000 per-insured stop loss)",yes,not reported (rollforward covers workers' comp and health only),"The City is self-insured for the first $750,000 of any claim, and carries general liability insurance of $3 million per occurrence above the self-insured limit.",Audited basic FS CY2024; Note 10 Commitments and Contingencies printed p.52-53 (pdf p56-57)
Binghamton,2024,https://www.binghamton-ny.gov/home/showpublisheddocument/16434/638981104317600000,ok,self_insured (self-insured for general liability since 1985 through an internal service self-insurance fund; no excess coverage disclosed),n/a (fully self-insured per note),none stated,yes,"no (commercial workers' comp purchased since 2010; $1,234,000 accrued for pre-2010 self-insured tail claims)",not reported (no GL claims rollforward),"Effective June 1, 1985, the City became self-insured for general liability exposure. A self-insurance fund was established as an internal service fund to administer the City's insurance program for general liability for all City departments and funds.",Audited FS CY2024; Note 11 Risk Financing printed p.52 (pdf p55); Note 1.L Insurance pdf p36
Long Beach,2024,https://www.longbeachny.gov/vertical/sites/%7BC3C1054A-3D3A-41B3-8896-814D00B86D2A%7D/uploads/Final_747.pdf,ok,"self_insured_with_excess (first $500,000 per GL/law enforcement occurrence self-insured through a Risk Retention internal service fund; excess liability above)","500,000","5,000,000 per occurrence; 10,000,000 annual aggregate",unclear (risk note silent; retirees covered through NYSHIP per OPEB note),no (group self-insured program purchased since 7/1/2007; GML 207-a firefighter benefits self-insured),"482,682 (general liability payments of claims, FY ended 6/30/2024)","the City was self-insured for the first $500,000 per general liability including law enforcement liability occurrences, $500,000 Public Officials and Employment Practices liability claims",Audited FS FY6/30/2024; Note 6 Risk Management printed p.68-69 (pdf p71-72)
Rome,2024,https://romeny.gov/wp-content/uploads/2026/02/2024-Issued-FS.pdf,ok,"mixed/unclear (note says the City is self-insured for general liability, then that it 'is covered for general liability but is liable for prior claims'; no retention or limit stated)",unclear,unclear,"yes (aggregate and specific excess loss insurance; specific attachment $225,000 per participant)",yes,not reported (rollforwards given for health and workers' comp only),The City is self-insured for health insurance and general liability. The City is covered for general liability but is liable for prior claims.,Audited FS CY2024; Note 3 Self-Insured printed p.57 (pdf p59); Note 1 Insurance pdf p37
Poughkeepsie,2024,https://www.cityofpoughkeepsie.gov/Archive.aspx?ADID=236,ok,self_insured_with_excess (commercial insurance for losses above specified limits; self-insured below; limits and carrier not named; no NYMIR reference anywhere in the FY2024 statements),not stated,not stated,no (health benefits through an insurance company on a premium basis),unclear (no workers' comp disclosure found),"165,000 (reductions to the judgments-and-claims long-term liability, CY2024; no GL claims rollforward)",Such risks are generally covered by the purchase of commercial insurance for losses in excess of specified limits. The City was self-insured during 2024 for risks below those limits.,Audited FS CY2024; Note I.P Risk Retention pdf p29; Note VIII long-term liabilities pdf p41; Note X Judgments and Claims pdf p45
Ithaca,2021,https://app.fac.gov/dissemination/report/pdf/2021-12-GSAFAC-0000374992,ok,commercial (risks covered by commercial insurance purchased from independent third parties; no retention disclosed),not stated,not stated,no (health insurance through the Greater Tompkins County Municipal Health Insurance Consortium public entity risk pool),unclear,not reported,These risks are covered by commercial insurance purchased from independent third parties. Settled claims from these risks have not exceeded commercial insurance coverage for the past three years.,Audited FS CY2021 via FAC (most recent on file; OSC 2025M-114 says 2023-2024 books not closed; nothing on cityofithacany.gov); Note 15 Public Entity Risk Pool printed p.50-51 (pdf p64-65); Note 1 Insurance pdf p37
Jamestown,2024,https://www.jamestownny.gov/wp-content/uploads/2026/04/FINAL-Financial-Statements-City-of-Jamestown-NY-12.31.2024-compressed-2.pdf,ok,"commercial (purchases commercial general liability, law enforcement, public officials, EPL, auto and commercial excess liability policies)",none stated,"10,000,000 commercial excess liability (per occurrence and aggregate); CGL 1,000,000 per occurrence / 3,000,000 aggregate",yes,unclear (workers' comp not addressed),not reported,The commercial general liability and employee benefit insurance plans are limited to $1 million per occurrence with a $3 million annual aggregate limit.,Audited basic FS CY2024; Note 9 Risk Management printed p.50 (pdf p55)
Elmira,2024,https://www.cityofelmirany.gov/DocumentCenter/View/1145/City-of-Elmira-2024-Financial-Report,ok,"mixed/unclear (City 'assumes the liability for most risk' and funds a Risk Retention Reserve/Self-Insurance Fund; police liability insured with a $100,000 SIR; general liability coverage otherwise not described)","100,000 (police liability only)",not stated,yes (healthcare and survivor benefits provided through the City's self-insurance plan),unclear (former member of the insolvent PETNY group trust; current arrangement not stated),not reported (Self-Insurance Fund recorded no claims expense in 2024),"The City is insured separately for police liability with a self-insured retention of $100,000 in each case.",Audited FS CY2024; Note 15 Judgments and Claims printed p.58 (pdf p73); Note 1 Insurance pdf p40; Self-Insurance Fund statements pdf p27-28
Newburgh,2024,https://www.cityofnewburgh-ny.gov/Archive.aspx?ADID=1384,ok,"self_insured_with_excess (self-insured for property/liability since 1978 with excess loss insurance; GL SIR $500,000 with $5M per claim / $5M aggregate)","500,000 (general liability, auto, law enforcement); 250,000 (public officials, EPL)","5,000,000 per claim; 5,000,000 aggregate",no (employee health covered by commercial insurance per note),no (conventional workers' comp insurance since 2008; tail claims before 2008 self-insured),"796,832 (general liability claims and claims adjustment expenses paid, CY2024)","General Liability, Employee Benefits Liability: Self-Insured retention of $500,000. Total extent of coverage is $5 million per claim and $5 million aggregate;",ACFR CY2024; Note 4.A Risk Management printed p.58-59 (pdf p79-80); Claims Payable rollforward printed p.52-53 (pdf p73-74)
