county,fiscal_year,pdf_url,status,general_liability_arrangement,sir_per_occurrence,excess_limit,has_self_funded_health_plan,has_wc_self_insurance_plan,liability_claims_paid_latest_fy,quote,page_hint
Oneida,2024,https://oneidacountyny.gov/assets/AuditControl/Docs/Oneida-County-FS-2024.pdf,ok,"commercial (GL, auto and police liability policies; combined stop-loss aggregate $550,000 across the three lines)",,"(combined stop-loss aggregate $550,000 for GL/auto/police lines; policy limits not stated)",no (OPEB note: premiums invoiced by health insurance provider; no self-funded plan disclosed),"yes (self-insured Workers Compensation Fund, participating municipalities; TPA + actuary)",,"The County purchases commercial insurance for all other risks of loss. Coverage includes policies for general liability, automobile, and police protection.","PDF p.73-74 (printed 62-63), Note 9 Risk Management"
Onondaga,2024,https://onondaga.gov/comptroller/wp-content/uploads/sites/208/2025/12/2024ACFR-Final.pdf,ok,self_insured_with_excess,"$2,000,000 per claim","excess liability covers claims above $2,000,000 up to $20,000,000; County retains amounts above $20,000,000",yes (self-insured medical and dental; Internal Service Fund),"yes (self-insured; Type B claims after 1991 retained to $100,000)","$414,717 (Judgments and Claims payments, 2024)","The County is self-insured for individual claims up to $2,000,000 and amounts greater than $20,000,000 for all liability (including environmental liability) and certain physical damage risks.","PDF p.73-74 (printed 43-44), Note 12 Risk Management"
Ontario,2024,https://www.ontariocountyny.gov/Archive.aspx?ADID=2006,ok,self_insured_with_excess (Internal Service Fund self-insurance program for property and liability; commercial insurance above program),"not stated as a retention; note says self-insurance coverage up to $9,000,000 per incident / $18,000,000 aggregate","GL commercial insurance limit $2,000,000 (2024)",unclear (health insurance listed among risks the County self-insures; no plan detail),"yes (County-administered pool with 16 towns, 8 villages, 2 cities; excess WC $300,000/occurrence)","$249,204 (self-insurance program claim payments, 2024)","The County is self-insured to cover such potential risks. Coverage is provided for up to a maximum of $9,000,000 per incident with a $18,000,000 aggregate annually.","PDF p.62-63 (printed 50-51), Note 8 Risk Management"
Orange,2024,https://www.orangecountyny.gov/Archive.aspx?ADID=1386,ok,self_insured_with_excess,"$1,000,000 (GL; also public officials, auto, law enforcement, professional)","$1,000,000 per occurrence excess of SIR (GL); umbrella up to $16,000,000; excess professional liability to $6,000,000",no (dental and vision self-insured; health via conventional insurance),"yes (self-insured; conventional coverage above $1,000,000 per occurrence)","$6,630,634 (Liability and Casualty claims paid, Internal Service Fund rollforward, 2024)",The County is currently self-insured for liability and casualty claims but maintains conventional excess liability coverage with independent insurance carriers.,"PDF p.106 (printed 85), Note 4B; rollforward PDF p.86, Note 3 Unpaid Claim Liabilities"
Orleans,2024,https://app.fac.gov/dissemination/report/pdf/2024-12-GSAFAC-0000380409,ok,commercial,,,unclear (not disclosed),yes (County acts as public entity risk pool for WC; excess liability coverage held),,The County maintains commercial insurance coverage covering each of those risks of loss.,"PDF p.52 (printed 50) Note 10; p.55 (printed 53) Note 13. Source: FAC single audit package (county site posts only the OSC Annual Financial Report, not audited statements)"
Oswego,2024,https://app.fac.gov/dissemination/report/pdf/2024-12-GSAFAC-0000384013,ok,"commercial (GL $1,000,000 per occurrence / $2,000,000 aggregate)",,"GL $1,000,000 per occurrence / $2,000,000 aggregate; other policies $1,000,000 to $202,000,000",yes (self-insured health; claims rollforward disclosed),"yes (County-administered pool, 22 towns/9 villages/2 cities; excess WC with $100,000 SIR)",,"The County purchases insurance for general liability, property, automobile, building, law enforcement, crime, earthquake, flood and miscellaneous liability.","PDF p.50-51 (printed 46-47), Note 8 Risk Management. Source: FAC single audit package (county site posts no audited statements)"
Otsego,2024,https://app.fac.gov/dissemination/report/pdf/2024-12-GSAFAC-0000373080,ok,"self_insured (general liability, auto and law enforcement liability; no excess coverage disclosed)",,,unclear (not disclosed),"yes (County WC Self-Insurance Plan with towns, city, villages, fire districts)",,"The County assumes the liability for most risk including comprehensive general liability, auto liability, and law enforcement liability.","PDF p.35-36 (printed 23-24), Note 1 Self-Insurance. Source: FAC single audit package (county site posts no audited statements)"
Putnam,2024,https://putnamcountyny.gov/images/Departments/Finance/acfinancialreport/Final%202024%20County%20of%20Putnam%20ACFR.pdf,ok,"pool (unnamed municipal reciprocal insurance company formed by NY municipalities, effective Sept 1, 1993; description matches NYMIR but name not given)","$250,000 deductible (GL/auto bodily injury and property damage)","GL and auto $1,000,000 per occurrence / $2,000,000 aggregate; umbrella $10,000,000 per occurrence / $20,000,000 aggregate",unclear (not disclosed),"yes (self-insured; stop-loss above $1,500,000 SIR)",,The County purchases various insurance coverages from the reciprocal to reduce its exposure to loss.,"PDF p.101 (printed 69), Note 4D Risk Management"
Rensselaer,2024,https://www.rensco.com/Archive.aspx?ADID=1080,ok,"commercial (GL $1,000,000 per occurrence / $2,000,000 aggregate)",,"GL $1,000,000 per occurrence / $2,000,000 aggregate; other policies $100,000 to $452,227,847","no (self-insurance limited to unemployment, dental and vision)","yes (County-administered WC pool, 35 other plan members)",,The general liability insurance is limited to $1 million per occurrence and an aggregate $2 million limit.,"PDF p.69-70 (printed 57-58), Note 9 Risk Management"
Rockland,2024,https://www.rocklandcountyny.gov/home/showpublisheddocument/7805/639008779173030000,ok,"self_insured_with_excess (self-insured GL, property damage and medical malpractice; commercial policy with $40 million coverage; no catastrophic coverage)",not stated,"commercial policy with coverage up to $40,000,000",unclear (not disclosed in risk note),"yes (County-wide WC program; conventional coverage above $1,000,000 per loss)",,"The County is currently self-insured for general liability, property damage and medical malpractice claims. In addition, the County maintains a commercial insurance policy, with coverage up to $40 million.","PDF p.112-113 (printed 92-93), Note 5B; combined ISF claims rollforward (WC+GL+unemployment, claims paid $6,995,538) PDF p.90 Note 4. Downloaded via browser (site blocks curl)"
St. Lawrence,2024,https://www.stlawco.gov/sites/default/files/Treasurer/St.%20Lawrence%20-%20Financial%20Statements%20(letterhead)%2012.31.2024.pdf,ok,"self_insured (assumes liability for most risks incl. property damage and personal injury; commercial insurance covers only a portion, limits for liability not stated)",,"not stated (crime coverage $5,000 to $200,000 only)",unclear (not disclosed),"yes (County-administered WC pool with 30 towns, 10 villages, 1 city; excess WC $500,000/occurrence, $1,000,000 aggregate)",,"The County is self-insured and assumes the liability for most risks including, but not limited to, property damage, personal injury liability and as described above, workers' compensation.","PDF p.64-65 (printed 53-54), Note 9 Risk Management"
Saratoga,2024,https://www.saratogacountyny.gov/wp/wp-content/uploads/2025/11/Treasurer-FinancialReport-2024.pdf,ok,unclear (notes describe only the WC and health self-insurance plans; general liability arrangement not disclosed),,,"yes (self-insured health benefits plan since Jan 1, 2016; claims paid $28,912,163 in 2024)","yes (County WC self-insurance plan, 29 participants)",,"As of January 1, 2016, the County established its own self-insurance health benefits plan.","PDF p.60-61 (printed 57-58), Note 15 Internal Service Funds"
Schenectady,2024,https://app.fac.gov/dissemination/report/pdf/2024-12-GSAFAC-0000384806,ok,commercial (above minimal deductibles),minimal deductibles (amounts not stated),,"yes (self-insured medical benefits; claims paid $24,460,264 in 2024)",yes (self-insured WC),,The County and Community College have purchased commercial insurance for all risk above minimal deductible amounts except for certain health benefits insurance and workers' compensation insurance.,PDF p.56-58 (printed 53-55) Note 8; p.64 (printed 61) Note 13 Risk Management. Source: FAC single audit package (county site posts no audited statements)
Schoharie,2024,https://app.fac.gov/dissemination/report/pdf/2024-12-GSAFAC-0000381900,ok,commercial,,,no (commercial insurance for all risks except unemployment),no (commercial; only unemployment self-insured),,These risks are covered by commercial insurance purchased from independent third parties.,"PDF p.44 (printed 41), Note 15 Risk Retention. Source: FAC single audit package (county web app serves only the auditor communications letter)"
Schuyler,2024,https://app.fac.gov/dissemination/report/pdf/2024-12-GSAFAC-0000377424,ok,"unclear (Note 1 says County assumes liability for most risk incl. personal injury liability, but Note 15 says lawsuits are adequately covered by insurance; no coverage terms disclosed)",,,unclear (not disclosed),unclear (no WC disclosure found),,"The County assumes the liability for most risk including, but not limited to, property damage and personal injury liability.",PDF p.41 (printed 29) Note 1 Insurance; p.67 (printed 55) Note 15 Other Litigation. Source: FAC single audit package (county Document Center audits folder is empty)
Seneca,2024,https://www.senecacountyny.gov/Archive.aspx?ADID=93,ok,self_insured_with_excess,not stated,"excess liability $1,000,000 per occurrence (CGL); $1,000,000 single limit auto; $2,000,000 healthcare professional liability",unclear (not disclosed),yes (self-insured WC; carrier acts as Self Insurance Fund administrator),,"The County's self-insurance coverage applies to workers' compensation, general liability claims, and unemployment insurance.","PDF p.59-60 (printed 48-49), Note 8 Risk Management"
Steuben,2024,https://steubencountyny.gov/Archive.aspx?ADID=2648,ok,"unclear (tort claims accrued in General Fund with $325,000 liability and a $2,078,884 fund-balance restriction for self-insurance, while the note also states losses have not exceeded commercial insurance coverage)",,,"yes (self-insured medical and prescription for actives and retirees under 65; $4,000,000 assigned for large claims)",yes (self-insured WC; TPA PERMA/NEAMI),,For the past three fiscal years insurance losses have not exceeded commercial insurance coverage.,"PDF p.65 (printed 62), Note 9 Risk Retention"
Suffolk,2024,https://suffolkcountyny.gov/Portals/2/documents/2024-ACFR-FINAL-7-31-2025.pdf,ok,self_insured_with_excess,"$10,000,000 per occurrence (liability)","$20,000,000 limit (liability); property deductible $1,000,000 with $200,000,000 limit",unclear (not disclosed in risk note),yes (MD&A: self insurance costs include workers compensation payments),"$68,359,378 (claim payments for the entire self-insurance program incl. torts and medical malpractice, 2024; not GL-only)","Current self-insured retention per occurrence for liability is $10,000,000 with a limit of $20,000,000.","PDF p.98 (printed 90), Note IV.A Risk management"
Sullivan,2024,https://www.sullivanny.gov/sites/default/files/departments/treasurer/Sullivan%20County%20NY%20-%20ACFR%2012.31.2024.pdf,ok,"commercial (package policy with $75,000 liability SIR and $100,000 property SIR)","$75,000 (liability SIR under package policy)","GL $9,000,000 per claim and aggregate",no (dental self-insured only),"yes (County WC self-insurance plan, 15 towns and 5 villages)","$22,658 (general liability claim payments, 2024)","Liability coverage under the package policy contains a $75,000 self-insured retention and property coverage under the package policy contains a $100,000 self-insured retention.","PDF p.87-88 (printed 76-77), Note 9 Risk Management"
Tioga,2024,https://www.tiogacountyny.gov/media/ajujiax3/5611-2024-financial-statements.pdf,ok,"self_insured_with_excess (Liability Insurance Fund retains first $50,000 third-party liability / $25,000 property; commercial insurance above)","$50,000 (third-party liability); $25,000 (property)",not stated,unclear (not disclosed),yes (completely self-insured WC pool administered by County),,"The Liability Insurance Fund provides self-insurance coverage up to $25,000 for property-related claims and up to $50,000 for third-party liabilities.","PDF p.67 (printed 54), Note 14 Risk Management"
Tompkins,2024,https://www.tompkinscountyny.gov/files/assets/county/v/1/finance/documents/audited-financial-statements/tompkins-county-2024-financial-report.pdf,ok,self_insured (assumes all general liability and substantially all vehicle risk; no excess coverage disclosed),,,"no (member of Greater Tompkins County Municipal Health Insurance Consortium, an Article 5-G cooperative)",yes (self-insured since 1994),,The County assumes the liability for all general liability and substantially all of its vehicle risks.,PDF p.46-47 (printed 29-30) Note 1 Self-Insurance; p.73-74 (printed 56-57) Note 15. Downloaded via browser (site blocks curl)
Ulster,2024,https://www.ulstercountyny.gov/files/assets/countysite/v/1/finance/documents/annual-reports/2024/2024-annual-comprehensive-financial-report.pdf,ok,"commercial (liability policies with deductibles; General Fund finances uninsured GL losses; deductible liability $1,990,000 at 12/31/2024)",deductibles of varying amounts (not stated),,"yes (self-insured medical claims; claims paid $35,976,626 in 2024)","yes (County WC claims-processing pool, 62 other public entities)",,The County is also exposed to risk of loss for deductibles of varying amounts under several liability insurance policies.,PDF p.78-79 (printed 66-67) Note 3 Unpaid Claim Liabilities; p.96 (printed 84) Note 4A-B. Downloaded via browser (site blocks curl)
Warren,2024,https://www.warrencountyny.gov/sites/default/files/treasurer/docs/finance/finance-a-2024.pdf,ok,"commercial (GL $1,000,000 per occurrence / $3,000,000 aggregate)",,"GL $1,000,000 per occurrence / $3,000,000 aggregate; other policies $1,000,000 to $20,000,000",unclear (not disclosed),"yes (County-administered WC pool, 42 entities)",,The general liability insurance is limited to $1 million per occurrence and an aggregate $3 million limit.,"PDF p.56-57 (printed 44-45), Note 9 Risk Management"
Washington,2023,https://www.washingtoncountyny.gov/DocumentCenter/View/31763/County-of-Washington-Final-FS-2023,ok,"pool (NYMIR - New York Municipal Insurance Reciprocal, since 1994)",,,"yes (self-insured health since June 2023 with Highmark as administrator; stop-loss above $250,000 per individual)","yes (County WC self-insurance plan, 61 participants; commercial coverage above $1,000,000 for third-party-over actions)",,In 1994 the County joined New York Municipal Insurance Reciprocal (NYMIR) for its municipal property and casualty insurance.,"PDF p.59-61 (printed 56-58), Note 3 Contingent Liabilities. FY2023 used: county posts only the FY2024 single-audit report, not FY2024 financial statements"
Wayne,2024,https://app.fac.gov/dissemination/report/pdf/2024-12-GSAFAC-0000382948,ok,"mixed (partially self-insured for GL, malpractice, auto and unemployment, with commercial policies for certain of these risks)",not stated,"commercial policies $1,000,000 to $3,000,000; umbrella $20,000,000","yes (via Wayne County Health Care Plan Trust, GML 119-o / Insurance Law Art. 44 self-funded cooperative with stop-loss)","yes (County-administered WC pool, 35 participants, with stop-loss)","$36,700 (claims paid under partially self-insured programs, 2024)","The County has elected to be partially self-insured for unemployment, general liability, malpractice, and automobile insurance.","PDF p.62-64 (printed 59-61), Note 15 Risk Management. Source: FAC single audit package (county site posts only IDA/LDC audits)"
Westchester,2024,https://emma.msrb.org/P21954614-P21492147-P21943953.pdf,ok,"self_insured (GML 6-n self-insurance fund since 1986 for general negligence, auto and public officials liability; reserve held in lieu of commercial insurance)",,"none purchased (6-n Fund reserve covers claims above $5,000,000 in lieu of commercial policies)",yes (Health Insurance Fund internal service fund; net claim expenses $252.1 million in 2024),yes (GML 6-j self-insurance fund since 1989),,"Since 1986, the County has self-insured its exposure for general negligence, auto and public official's liability losses and in 1989 included workers' compensation as a self-insurance program.",PDF p.129-131 (printed 123-125) Note 4 Risk Management; p.277 (printed 273) Self Insurance. Direct EMMA PDF link from county finance page
Wyoming,2024,https://app.fac.gov/dissemination/report/pdf/2024-12-GSAFAC-0000371938,ok,"commercial (GL $1,000,000 per occurrence / $2,000,000 aggregate)",,"GL $1,000,000 per occurrence / $2,000,000 aggregate; other policies $750,000 to $20,000,000",no (health insurance listed among risks covered by commercial insurance),"yes (County WC pool with Hospital System and 12 other entities; excess WC with $750,000 SIR)",,The general liability insurance is limited to $1 million per occurrence and an aggregate $2 million limit.,"PDF p.60 (printed 48), Note 8 Risk Management. Source: FAC single audit package (county Financial Audits archive is empty)"
Yates,2024,https://www.yatescountyny.gov/DocumentCenter/View/8469/2024-Basic-Financial-Statements-PDF,ok,self_insured_with_excess,"$50,000 per incident (torts), $1,000,000 annual aggregate","GL commercial limit $10,000,000 (airport) and $10,000,000 (all other operations)","yes (County assumes liability for health, dental and vision claims)","yes (County WC pool with 12 other entities; excess WC with $500,000 SIR)",,The County purchases commercial insurance for claims in excess of self-insurance coverage and for all other risks of loss.,"PDF p.61 (printed 50), Note 9 Risk Management"
