entity,county,fiscal_year,pdf_url,status,general_liability_arrangement,sir_per_occurrence,excess_limit,has_self_funded_health_plan,has_wc_self_insurance_plan,liability_claims_paid_latest_fy,quote,page_hint
Town of Hempstead,Nassau,2024,https://app.fac.gov/dissemination/report/pdf/2024-12-GSAFAC-0000382427,ok,self_insured (fully self-insured for general liability; no excess liability policy mentioned; property insurance only),n/a (fully self-insured),"none stated for liability (property excess of $250,000,000 per occurrence)",no (NYSHIP Empire Plan premiums; dental self-insured through Healthplex),"yes (self-insured for workers' compensation, unemployment and disability; no excess mentioned)","4,370,528 (general liability, 2024)",The Town is self-insured for general liability claims.,"Note 4.A Risk Retention, pdf pp83-84 (report pp79-80)"
Town of Islip,Suffolk,2024,https://app.fac.gov/dissemination/report/pdf/2024-12-GSAFAC-0000382417,ok,self_insured_with_excess (self-insurance risk management program accounted for in the general fund; excess policy above SIR),"$1,000,000","$5,000,000 per occurrence / $5,000,000 annual aggregate over the SIR (limits apply separately to GL, auto, public officials, law enforcement and EPL)",no (NYSHIP Empire Plan),"yes (self-insured up to $1,000,000 per occurrence)","923,741 (general liability, 2024)","With respect to general liability, the Town maintains a self-insured retention of $1,000,000.","Note 4.C Self-Insurance Program, pdf pp85-86 (report pp79-80)"
Town of Oyster Bay,Nassau,2024,https://app.fac.gov/dissemination/report/pdf/2024-12-GSAFAC-0000380880,ok,self_insured_with_excess,"$1,000,000","$11,000,000 per occurrence / $21,000,000 annual aggregate (GL, law enforcement and auto liability); public officials/EPL $5,000,000 per claim and aggregate",no (NYSHIP Empire Plan),yes (self-insured for workers' compensation and disability; actuarially determined liability),"4,275,118 (general liability, 2024)","The Town is self-insured for the first $1,000,000 per occurrence and carries excess liability insurance coverage for a total of $11,000,000 per occurrence with a $21,000,000 annual aggregate for claims of General Liability, Law Enforcement Liability and Automobile Liability.","Note 4.A Risk Management, pdf pp111-112"
Town of Brookhaven,Suffolk,2024,https://app.fac.gov/dissemination/report/pdf/2024-12-GSAFAC-0000375851,ok,self_insured_with_excess (commercial casualty policy above SIR plus a second excess layer),"$1,000,000 per claim (general and auto liability)","$10,000,000 aggregate commercial casualty above the SIR, plus $25,000,000 excess above the first $10,000,000",unclear (not addressed; OPEB note only),"yes (self-insured retention $2,000,000 with excess WC policy capped at $25,000,000)","2,768,085 (general and auto liability, 2024)","The Town self-insures for general and auto liability insurance up to a maximum of $1,000,000 per claim.","Note 18.A Risk management and 18.B Litigation, pdf pp73-74 (report pp68-69)"
Town of North Hempstead,Nassau,2024,https://app.fac.gov/dissemination/report/pdf/2024-12-GSAFAC-0000400322,ok,self_insured_with_excess,"$500,000","$5,000,000 per occurrence / $15,000,000 annual aggregate",unclear (not addressed),"yes (self-insured through a self-insurance pool of NYS municipalities; $500,000 retention per occurrence, umbrella benefits up to $25,000,000)",not given (no claims rollforward in note),"The Town carries excess liability insurance coverage of $5,000,000 per occurrence, with a $15,000,000 annual aggregate, and is self-insured, up to $500,000, for claims under this coverage.","Note 4.B Risk Management, pdf p95 (report p74)"
Town of Huntington,Suffolk,2023,https://app.fac.gov/dissemination/report/pdf/2023-12-GSAFAC-0000054693,ok,self_insured_with_excess (bodily injury/property damage; auto liability self-insured),"$1,000,000 per claim","$11,000,000 per occurrence / $13,000,000 aggregate",no (NYSHIP Empire Plan),"yes (self-insured; umbrella-type policy with $2,000,000 retention per loss up to a $10,000,000 cap)","62,202 (general liability, 2023)","The Town self-insures for bodily injury and property damage up to a maximum of $1,000,000 per claim.","Note D.1 Risk Retention, pdf pp104-105 (report pp96-97); FY2024 not on FAC as of 2026-10-08"
Town of Smithtown,Suffolk,2024,https://app.fac.gov/dissemination/report/pdf/2024-12-GSAFAC-0000375372,ok,"self_insured_with_excess (commercial GL policy $1M per occurrence/$3M aggregate above a $1.5M SIR, plus $10M excess)","$1,500,000 (GL, auto and law enforcement liability); $250,000 public officials; $100,000 EPL","primary $1,000,000 per occurrence / $3,000,000 aggregate above SIR, plus $10,000,000 per occurrence / $10,000,000 aggregate excess",no (NYSHIP Empire Plan),"yes (legacy: self-insured for claims before June 1, 2006; since then a member of the NYS Municipal Workers' Compensation Alliance pool)","55,556 (general liability, 2024)","The Town's general liability policy coverage is $1 million per occurrence/$3 million aggregate, with a $1.5 million self-insured retention.","Note 4.A Risk Retention, pdf pp62-63 (report pp56-57)"
Town of Ramapo,Rockland,2023,https://app.fac.gov/dissemination/report/pdf/2023-12-GSAFAC-0000052257,ok,"commercial (GL policy with $50,000 per-occurrence deductible, $200,000 annual maximum; note that GL claims are carried in a General Liability Internal Service Fund with a $7,627,131 liability, so retained exposure appears larger than the deductible implies)","$50,000 deductible per occurrence (annual maximum deductible $200,000)",policy limits not stated,unclear (not addressed),"yes (self-insured up to $900,000 per incident, $2,000,000 aggregate; commercial policy above $600,000 per occurrence as stated)","2,527,918 (general liability claims, 2023)","The Town maintains a general liability insurance policy with a deductible of $50,000 per occurrence subject to an annual maximum deductible of $200,000.","Note 8.B Claims and Judgements Payable, pdf p51; Note 12.A, pdf p62; FY2024 not on FAC as of 2026-10-08"
Town of Babylon,Suffolk,2024,https://app.fac.gov/dissemination/report/pdf/2024-12-GSAFAC-0000374607,ok,self_insured_with_excess (self-insurance program for general and auto liability administered by an independent company),"$1,000,000 ($100,000 for public officials and employment practices)","$5,000,000 per occurrence / $5,000,000 annual aggregate",no (NYSHIP Empire Plan),"no (ceased self-insuring workers' compensation in June 1999; legacy pre-1999 claims reserved, $724,962 at 12/31/2024)","2,076,219 (general and auto liability, 2024; shown without parentheses in the 2024 column, unlike 2023)","The Town carries excess liability insurance coverage of $5,000,000 per occurrence with a $5,000,000 annual aggregate, excess of a $1,000,000 self-insured retention, except for Public Officials and Employment Practices claims, which are subject to a $100,000 self-insured retention.","Note 4.A Risk Management, pdf p88 (report p82)"
Town of Greenburgh,Westchester,2024,https://app.fac.gov/dissemination/report/pdf/2024-12-GSAFAC-0000389121,ok,self_insured_with_excess (commercial GL policies above SIR; retentions paid through the Risk Retention internal service fund),"$500,000 (GL, auto, public officials, EPL); $250,000 each occurrence law enforcement liability","primary $5,000,000 per occurrence / $5,000,000 aggregate plus three excess policies adding $25,000,000, for $30,000,000 per occurrence and aggregate",unclear (not addressed),"no (workers' compensation policy with State-mandated limits; Risk Retention Fund carries legacy self-insured WC claims incurred through December 31, 2003)","964,965 (Risk Retention Fund cash payments for judgments and claims, 2024; liability within deductibles plus legacy WC, not split)","There is a $500,000 Self-Insured Retention for General Liability, Automobile Liability, Public Officials Liability, and Employment Practices Liability, and a $250,000 Each Occurrence Self-Insured Retention for Law Enforcement Liability.","Note 4.B Risk Management, pdf pp93-94 (report pp66-67)"
Town of Amherst,Erie,2024,https://app.fac.gov/dissemination/report/pdf/2024-12-GSAFAC-0000370527,ok,self_insured_with_excess (risk management activities reported in a Self Insurance internal service fund; excess liability purchased above $2 million),"$2,000,000","excess liability for claims above $2,000,000, limited to $20,000,000 per occurrence",unclear (not addressed),"yes (Workers' Compensation internal service fund; excess coverage above $1,250,000 for firemen/first responders and $1,000,000 for others, limited to $2,000,000 per accident)","525,000 (judgments and claims payments, 2024)",The Town also purchases excess liability coverage for claims in excess of $2 million limited to $20 million per occurrence or wrongful act or employee benefit wrongful act.,"Note 9 Risk Management, pdf pp63-64 (report pp50-51); quoted sentence breaks across the page boundary"
Town of Clarkstown,Rockland,2024,https://app.fac.gov/dissemination/report/pdf/2024-12-GSAFAC-0000384237,ok,"self_insured_with_excess (uninsured risks financed in General, Town Outside Village, Highway and Sanitation funds; commercial insurance above retentions)","$100,000 per occurrence (liability); $50,000 property; $1,000,000 workers' compensation",commercial insurance in excess of retentions; limits not stated,no (Note H says certain health claims are covered by commercial insurance; no self-funded plan described),"yes (retention $1,000,000 for all classes of employees)",,"For Liability coverage, the Town presently retains $100,000 per occurrence and for Property coverages the Town retains $50,000 per occurrence.","Note D Risk Retention - Individual Entities (Other Than Pools), pdf p66 (report p63); Note H Risk Management pdf p60"
Town of Southampton,Suffolk,2024,https://app.fac.gov/dissemination/report/pdf/2024-12-GSAFAC-0000379781,ok,"commercial (base GL $1,000,000 per occurrence / $2,000,000 aggregate plus umbrella; the Town nonetheless carries a general liability claims reserve of $1,900,000 estimated with legal counsel, so a retention exists but is not stated)",not stated,"base $1,000,000 per occurrence / $2,000,000 aggregate; umbrella $10,000,000 per occurrence / $20,000,000 aggregate",unclear (not addressed; OPEB note refers to insurance premiums),no (insured for workers' compensation and disability),"2,300,000 (claims payments, 2024)","The Town carries base general liability insurance coverage of $1,000,000 per occurrence with a $2,000,000 annual aggregate.","Note 16.A Risk management, pdf pp87-88 (report pp79-80)"
Town of Orangetown,Rockland,2023,https://app.fac.gov/dissemination/report/pdf/2023-12-GSAFAC-0000046177,ok,"self_insured_with_excess (SIR per claim with insurance above, retentions paid through a Risk Retention internal service fund)","$100,000 per claim (GL, law enforcement, auto liability)","up to $10,000,000 per claim above the SIR",no (purchases conventional health insurance from various providers),"yes (self-insured retention up to $350,000 per claim with excess insurance; Workers' Compensation Benefits internal service fund)","407,093 (Risk Retention Fund judgments and claims expense, 2023; expense not cash paid)","The Town's policies for general liability, law enforcement and auto liability have a self-insured retention level of $100,000 per claim.","Note 4.B Risk Management, pdf pp96-97 (report pp67-68); FY2024 not on FAC as of 2026-10-08"
Town of Cheektowaga,Erie,2024,https://app.fac.gov/dissemination/report/pdf/2024-12-GSAFAC-0000379534,ok,mixed (Town retains general liability risk in the General Fund and also purchases GL insurance of $1 million per occurrence / $10 million aggregate; retention not stated),not stated,"GL insurance $1,000,000 per occurrence / $10,000,000 aggregate; auto $1,000,000 per accident",yes (self-insured for health insurance),"yes (self-insured; excess coverage above $1,200,000)","not given separately (16,416,534 total claims, judgments and WC payments and estimate changes, 2024, all lines)",The Town also retains risk related to general liability.,"Note 9 Risk Management, pdf p60 (report p50)"
Town of Tonawanda,Erie,2024,https://app.fac.gov/dissemination/report/pdf/2024-12-GSAFAC-0000375597,ok,self_insured_with_excess (Town assumes liability for most risk; Self Insurance internal service fund; commercial excess liability above),not stated,"commercial excess liability $10,000,000 per occurrence",unclear (not addressed; OPEB refers to premiums),yes (Workers' Compensation internal service fund; actuarial liability),"2,314,157 (judgments and claims adjustments and payments, 2024)","The Town carries commercial excess liability insurance of $10,000,000 per occurrence.","Note 8 Risk Management, pdf p56 (report p44)"
Town of Colonie,Albany,2024,https://app.fac.gov/dissemination/report/pdf/2024-12-GSAFAC-0000374028,ok,self_insured_with_excess (commercial insurance purchased above the self-insured amount),"$1,000,000","commercial insurance above $1,000,000; limits not stated",no (pays health insurance premiums),yes (self-insured through a Workers' Compensation Internal Service Fund with an excess insurance policy for specific claims),"1,026,176 (judgments and claims payments/adjustments across all funds, 2024)","The Town is self-insured for up to $1,000,000 for general liability claims.","Note 14.c Litigation, pdf p95 (report p93); no separate risk-management note"
Town of Yorktown,Westchester,2024,https://app.fac.gov/dissemination/report/pdf/2024-12-GSAFAC-0000370161,ok,"commercial (GL policy $1,000,000 per occurrence / $3,000,000 aggregate with a $25,000 deductible, plus $5,000,000 excess; GL and WC claims run through Internal Service Funds)","$25,000 deductible each occurrence","primary $1,000,000 per occurrence / $3,000,000 aggregate; additional $5,000,000 each occurrence / $5,000,000 aggregate",unclear (not addressed),"yes (self-retention $750,000 per occurrence for police officers, $575,000 for other employees; insurance to a $5,000,000 maximum)",not given (no claims rollforward by line),"The Town has General Liability coverage with limits of $1,000,000 each occurrence with a $3,000,000 general aggregate with a deductible of $25,000 each occurrence.","Note 4.B Risk Management, pdf pp59-60 (report pp55-56)"
Town of Riverhead,Suffolk,2023,https://www.townofriverheadny.gov/DocumentCenter/View/251/2023-Audited-Basic-Financial-Statement-PDF,ok,self_insured_with_excess (catastrophic loss coverage above SIR since 1993; Risk Retention internal service fund),"$250,000","maximum $10,000,000 per occurrence for general and auto liability; public officials $10,000,000 per policy year","no (NYSHIP Empire Plan, community rated)","yes (self-insured; umbrella-type policy with $600,000 retention per occurrence and $1,000,000 coverage above; fund note cites $400,000 SIR)","316,858 (general liability, 2023)","This catastrophic loss coverage has a self-insured retention of $250,000 per occurrence.","Note 4.A Risk Management, pdf pp79-80 (report pp76-77); not on FAC; town site has only the FY2024 AUD update, not audited FY2024 statements"
Town of Southold,Suffolk,2024,https://app.fac.gov/dissemination/report/pdf/2024-12-GSAFAC-0000387849,ok,"commercial (note calls it a self-insurance risk management program, but exposure is a $50,000 per-claim GL deductible under primary policies of $1,000,000 per claim plus a $10,000,000 umbrella)","$50,000 deductible per claim (GL); $25,000 auto/police/employee benefits; $10,000 public officials/EPL","primary $1,000,000 per claim ($3,000,000 aggregate GL); umbrella $10,000,000 per claim / $10,000,000 aggregate",no (NYSHIP Empire Plan),unclear (workers' compensation not addressed in the note),"68,994 (general liability, 2024)","For the year ended December 31, 2024, the Town has a deductible liability exposure of $50,000 per claim for general liability, $25,000 per claim for automobile liability, police liability and employee benefits, and $10,000 per claim for public officials and employment practices.","Note D Risk Management, pdf pp68-69 (report pp62-63)"
Town of Mount Pleasant,Westchester,2023,https://app.fac.gov/dissemination/report/pdf/2023-12-GSAFAC-0000049161,ok,"commercial (conventional GL and law enforcement policies $1,000,000 per occurrence; umbrella and excess to $15,000,000)",not stated,"umbrella and excess liability policies up to $15,000,000",no (purchases conventional health insurance from various providers),no (workers' compensation coverage secured at statutory levels),not given (no rollforward),The general liability and law enforcement policies each provide coverage up to $1 million per occurrence.,"Note 4.B Risk Management, pdf p62 (report p59); FY2024 not on FAC as of 2026-10-08"
Town of Cortlandt,Westchester,2024,https://app.fac.gov/dissemination/report/pdf/2024-12-GSAFAC-0000373904,ok,"self_insured_with_excess (GL policy $1,000,000 per occurrence / $3,000,000 aggregate above a $100,000 SIR; excess policy to $10,000,000)","$100,000 per claim","primary $1,000,000 per occurrence / $3,000,000 aggregate; excess liability up to $10,000,000",no (purchases conventional health insurance from various providers),"yes (retains claims up to $750,000 per occurrence; excess above; internal service fund)",not given (no rollforward),"There is a $100,000 self-insured retention per claim.","Note 4(c) Risk Management, pdf p84 (report p71); Note 4(a) Litigation pdf p83"
Town of Clay,Onondaga,2024,https://townofclayny.gov/sites/default/files/2025-09/Town%20of%20Clay%20-%202024%20Issued%20FS.pdf,note_not_found,"unclear (regulatory-basis financial statements, 35 pages; Note 10 Commitments and Contingencies covers grants only; no insurance or risk note)",,,unclear,unclear,,,Regulatory basis statements (adverse GAAP opinion); not on FAC; found on town site via DuckDuckGo
Town of Irondequoit,Monroe,2024,https://app.fac.gov/dissemination/report/pdf/2024-12-GSAFAC-0000373801,ok,commercial,not stated,not stated,unclear (not addressed),"no (pool: NYS Municipal Workers' Compensation Alliance since June 1, 2022; legacy self-insured WC liability $15,733 at 12/31/2024)","not given (only legacy WC rollforward: 699,351 paid in 2024)",These risks are covered by commercial insurance purchased from independent third parties.,"Accounting policies - Insurance, pdf p32 (report p28); Note 15 Self Insurance, pdf p55 (report p51)"
Town of Greece,Monroe,2024,https://app.fac.gov/dissemination/report/pdf/2024-12-GSAFAC-0000376573,ok,"self_insured_with_excess (Self-Insurance Fund covers GL, auto, property, WC; stop-loss insurance plus umbrella; general-information paragraph also says risks are covered by commercial insurance)",not stated,stop-loss and umbrella coverage held; limits not stated,unclear (not addressed),"yes (workers' compensation within the Self-Insurance Fund, with stop-loss)","not given separately (Self-Insurance Fund aggregate payments 1,444,019 in 2024, WC and GL combined)","The Town's self-insurance coverage applies to general liability, automobile liability, property damage, public works equipment, workers' compensation and general real property coverage.","Note VIII.B Self-Insurance Fund, pdf p55 (report p53)"
Town of Haverstraw,Rockland,2023,https://emma.msrb.org/P21855448.pdf,ok,commercial,not stated,not stated,no (note says certain health claims are covered by commercial insurance),"yes (self-funded workers' compensation program since January 1, 2015; PMA Companies administers; liability $2,350,477 at 12/31/2023)","not given for liability (WC claims payments 829,658 in 2023)",These risks are covered by commercial insurance purchased from independent third parties.,"Note I Risk Management, pdf p53 (report p50); EMMA direct PDF; FY2024 not found (not on FAC, town site posts budgets only)"
Town of East Hampton,Suffolk,2024,https://app.fac.gov/dissemination/report/pdf/2024-12-GSAFAC-0000375692,ok,"commercial (base GL $1,000,000 per occurrence / $2,000,000 aggregate plus umbrella; small self-insured defense-cost and indemnity retentions)","$25,000 per occurrence of defense costs; $175,000 total indemnity per year","base $1,000,000 per occurrence / $2,000,000 aggregate; umbrella $5,000,000 per occurrence / $10,000,000 aggregate",unclear (not addressed),"yes (self-insured for workers' compensation and disability; umbrella-type policy with $400,000 retention per occurrence, benefits up to $1,000,000 per occurrence)",0 (general liability payments shown as none for 2024 and 2023),"The Town is self-insured for $25,000 per occurrence of defense costs on any general liability claim and $175,000 in total for indemnity payments during any one year.","Note 15.A Risk management, pdf pp74-75 (report pp70-71)"
Town of Hamburg,Erie,2024,https://app.fac.gov/dissemination/report/pdf/2024-12-GSAFAC-0000401878,ok,self_insured (Town retains general liability risk and reports risk management in the General Fund; no GL retention amount or excess liability policy stated),not stated,not stated for liability,unclear (not addressed),"yes (self-insured since 1995; excess coverage above $400,000)",not given (no rollforward),"Previously , the Town had been retaining risk related to general liability only.","Note 17 Risk Financing Activities, pdf p65 (report p59); accounting policy pdf p37"
Town of Webster,Monroe,2023,https://app.fac.gov/dissemination/report/pdf/2023-12-GSAFAC-0000037062,ok,commercial,not stated,not stated,"no (dental only is self-insured since 2005, capped at $1,000 per member per year; health via premiums)","no (pool: Public Employer Risk Management Association, Inc. (PERMA); PERMA reinsures above $250,000 per event up to $10 million; 2023 premium $491,989)",not given,"The Town carries commercial insurance for risk of loss, including general liability insurance, property insurance, and insurance on its fleet.","Note VIII Risk Management, pdf p60 (report p58); FY2024 not on FAC as of 2026-10-08"
Town of Union,Broome,2024,https://app.fac.gov/dissemination/report/pdf/2024-12-GSAFAC-0000389192,ok,commercial,not stated,not stated,unclear (not addressed),unclear (not addressed; note says all risks covered by commercial insurance),not given,These risks are covered by commercial insurance purchased from independent third parties.,"Note 13 Insurance and Risk Management, pdf p47 (report p44)"
Village of Freeport,Nassau,2024,https://app.fac.gov/dissemination/report/pdf/2024-02-GSAFAC-0000367880,ok,"mixed (self-insurance risk management program for liability and casualty with a TPA, plus commercial GL insurance up to approximately $5 million total with per-occurrence sub-limits up to $1 million; retention not stated)",not stated,"commercial GL coverage up to approximately $5,000,000 in total, sub-limits up to $1,000,000",unclear (not addressed),yes (self-insured; no excess workers' compensation insurance),not given (no rollforward),"The Village maintains a self-insurance risk management program for liability and casualty, property damage, workers' compensation, and unemployment.","Note 4.c Risk Management, pdf p66 (report p64); FYE February 29, 2024"
Village of Hempstead,Nassau,2024,https://app.fac.gov/dissemination/report/pdf/2024-05-GSAFAC-0000386266,ok,self_insured_with_excess (Self-Insurance Fund services all claims; commercial insurance purchased only for excess claims; retention and excess limits not stated),not stated,"not stated (excess insurance premiums $512,785 in FY2024)",unclear (not addressed),"yes (self-insured through the SIF; WC expense $2,767,725 in FY2024)","not given as cash paid (SIF judgments and claims expense $862,460, FYE 5/31/2024)",It is the policy of the Village to purchase commercial insurance only for excess claims.,"Note 13 Risk management / Self-insurance program, pdf p57 (report p55); SIF statement pdf p24; FYE May 31, 2024"
Village of Garden City,Nassau,2024,https://www.gardencityny.net/Archive.aspx?ADID=443,ok,self_insured_with_excess (self-insurance program for primary casualty claims in an Internal Service Fund; primary casualty and umbrella policies above the SIR),not stated,"$31,000,000 total primary casualty and umbrella coverage excess of the applicable SIR",unclear (not addressed),no (member of a workers' compensation group self-insurance fund since August 2011; previously self-insured),"not given (no rollforward; Internal Service Fund judgments and claims expenditure $420,979 FY2024)","The Village established a self-insurance risk management program for primary casualty claims, which is accounted for in the Internal Service Fund.","Note 4.B Risk Management, pdf p67 (report p62); FYE May 31, 2024; village website (FAC only has FY2023)"
Village of Rockville Centre,Nassau,2024,https://app.fac.gov/dissemination/report/pdf/2024-05-GSAFAC-0000353411,ok,"mixed (self-insurance risk management program for liability and casualty with a TPA, and commercial GL insurance up to approximately $5 million total with per-occurrence sub-limits up to $1 million; retention not stated)",not stated,"commercial GL coverage up to approximately $5,000,000 in total, sub-limits up to $1,000,000",unclear (not addressed),"yes (self-insured workers' compensation; claims payable $8,681,490 at 5/31/2024)","not given (no rollforward; GL claims outstanding $692,473 at 5/31/2024)","The Village also purchases commercial insurance for general liability claims, with coverage up to approximately $5 million in total, with various limits per occurrence, subject to sub-limits up to $1 million.","Note 10.c Risk Management, pdf p58 (report p56); FYE May 31, 2024"
Village of Port Chester,Westchester,2024,https://app.fac.gov/dissemination/report/pdf/2024-05-GSAFAC-0000064474,ok,"commercial (primary GL $1,000,000 per occurrence / $2,000,000 aggregate with a $50,000 bodily injury deductible; umbrella above)","$50,000 deductible (bodily injury)","umbrella $10,000,000 per occurrence / $20,000,000 aggregate over primary policies","no (premiums invoiced by the health insurance provider, per OPEB note)","unclear (note describes commercial workers' compensation and employer's liability policies, yet the Village carries a WC claims liability of $807,216 and paid $1,505,407 in WC claims in FY2024)","198,491 (general liability, FYE 5/31/2024)","The Village carries an umbrella liability policy limited to $10,000,000 per occurrence and $20,000,000 in aggregate over the underlying primary policies.","Note 8 Risk Management, pdf pp50-51 (report pp38-39); FYE May 31, 2024"
Village of Valley Stream,Nassau,2024,https://valleystream.govoffice.com/vertical/Sites/%7BBC0696FB-5DB8-4F85-B451-5A8D9DC581E3%7D/uploads/Audited_Financials_-_5-31-24_Valley_Stream.pdf,ok,self_insured_with_excess (risk retention fund reported within the general fund),"$250,000 per loss","up to $11,000,000 for any one loss / $12,000,000 annual aggregate",unclear (OPEB note says the Village is self-insured for retiree benefits; active-employee health plan not described),"yes (self-insured on the first $1,500,000 for volunteer fire and police and $600,000 for all other employees)","64,656 (general liability, FYE 5/31/2024; OCR-read figure, matches budget schedule)","The Village is self-insured for general liability on the first $250,000 per loss with insurance protection coverage of up to $11,000,000 for any one loss and a $12,000,000 annual aggregate.","Note 4.B Risk Management, pdf pp55-56 (report pp51-52), scanned PDF read via OCR; FYE May 31, 2024; not on FAC"
Village of Lynbrook,Nassau,2024,https://lynbrookvillage.gov/wp-content/uploads/2025/03/Financial-Statement-Report-fiscal-yr-5-31-24.pdf,note_not_found,unclear (financial statements contain no risk management or insurance note; FY2023 FAC package village_lynbrook_2023.pdf also has none),,,unclear,unclear,,,"Note 12 Contingencies, Risks, and Uncertainties covers only grants and tax certiorari; FYE May 31, 2024; FY2025 statements also posted on village site"
Village of Mineola,Nassau,2024,https://www.mineola-ny.gov/DocumentCenter/View/730/Fiscal-Year-Ended-May-31-2024,ok,commercial,not stated,not stated,no (OPEB note: health care provided through an insurance company),"yes (legacy: self-insured for years beginning before June 1, 2021; liability $71,189 at 5/31/2024; current arrangement not described)",not given,"The Village of Mineola is exposed to various risks of loss related to torts; theft, damages to, and destruction of assets; errors and omissions; trip and fall injuries; and natural disasters, all of which are insured by general liability insurance.","Note 11 Risk Management, pdf p62 (report p60), scanned PDF read via OCR; FYE May 31, 2024; village website (FAC has only FY2022)"
Village of Ossining,Westchester,2024,https://app.fac.gov/dissemination/report/pdf/2024-12-GSAFAC-0000373968,ok,"self_insured_with_excess (SIR per occurrence, primary policy above, excess above that; internal service fund charges premiums to governmental funds)","$250,000 (GL, auto, property, public officials E&O)","primary to $1,000,000 above retention; excess to $10,000,000 per occurrence for all liability losses","yes (self-insured health benefits; specific stop-loss $175,000 per individual, aggregate stop-loss $9,042,704 for 2024)","yes (SIR $600,000; primary $300,000; excess WC above $900,000)",not given (no claims rollforward),"The Village's policies for general liability, automobile liability, property and public officials' errors and omissions coverage have self-insured retention levels of $250,000 per occurrence, while the Property Insurance has a $100,000 deductible for the January 1 to December 31, 2024 policy year.","Note 4 Risk Management, pdf p61 (report p58)"
Village of Spring Valley,Rockland,2024,https://app.fac.gov/dissemination/report/pdf/2024-05-GSAFAC-0000431994,note_not_found,"unclear (no risk management, insurance, litigation or contingencies note in the FY2024 statements)",,,unclear,unclear,,,"FYE May 31, 2024; budget-to-actual schedule shows 'Unallocated insurance' $1,259,661 and 'Judgement and claims' $53,496 actual (pdf ~p50) but no note"
