ntd_id,agency,city,state,organization_type,vrm,total_opex,cl_expense,cl_share,modes,structure,pool_name,sir_per_occurrence,excess_limit,source_doc_url,quote,fiscal_year,confidence
20008,MTA New York City Transit,Brooklyn,NY,"Subsidiary Unit of a Transit Agency, Reporting Separately",444718121,10413501388.0,922822815.0,0.0886,"CB,HR,MB,RB",,,,,,,,
30030,"Washington Metropolitan Area Transit Authority, dba: Washington Metro",Washington,DC,Independent Public Agency or Authority of Transit Service,137205624,2764077018.0,41806602.0,0.0151,"HR,MB",,,,,,,,
20080,New Jersey Transit Corporation,Newark,NJ,Other Publicly-Owned or Privately Chartered Corporation,134590766,2586258491.0,69182787.0,0.0268,"CR,LR,MB",,,,,,,,
50066,Chicago Transit Authority,Chicago,IL,Independent Public Agency or Authority of Transit Service,119147554,1918053610.0,66877485.0,0.0349,"HR,MB",,,,,,,,
90154,"Los Angeles County Metropolitan Transportation Authority, dba: Metro",Los Angeles,CA,Independent Public Agency or Authority of Transit Service,92235287,2332858567.0,95540629.0,0.041,"DR,HR,LR,MB,RB",,,,,,,,
20100,MTA Long Island Rail Road,New York,NY,"Subsidiary Unit of a Transit Agency, Reporting Separately",78229282,2212613620.0,88667810.0,0.0401,CR,,,,,,,,
90003,"San Francisco Bay Area Rapid Transit District, dba: SF BART",Oakland,CA,Independent Public Agency or Authority of Transit Service,72971664,874025646.0,33401416.0,0.0382,"HR,YR",,,,,,,,
30019,Southeastern Pennsylvania Transportation Authority,Philadelphia,PA,Independent Public Agency or Authority of Transit Service,72773294,1485610540.0,25165647.0,0.0169,"CR,HR,MB,SR,TB",,,,,,,,
20078,"Metro-North Commuter Railroad Company, dba: MTA Metro-North Railroad",New York,NY,"Subsidiary Unit of a Transit Agency, Reporting Separately",64017201,1705088620.0,49404463.0,0.029,CR,,,,,,,,
10003,Massachusetts Bay Transportation Authority,Boston,MA,Independent Public Agency or Authority of Transit Service,43767108,1345221011.0,33090367.0,0.0246,"HR,LR,MB,RB",,,,,,,,
40022,Metropolitan Atlanta Rapid Transit Authority,Atlanta,GA,Independent Public Agency or Authority of Transit Service,42874285,591211240.0,32253216.0,0.0546,"HR,MB,SR",,,,,,,,
00001,"King County, dba: King County Metro",Seattle,WA,"City, County or Local Government Unit or Department of Transportation",41355329,888267094.0,27025556.0,0.0304,"FB,MB,SR,TB,VP",,,,,,,,
60008,"Metropolitan Transit Authority of Harris County, Texas, dba: METRO",Houston,TX,Independent Public Agency or Authority of Transit Service,40684901,605401305.0,11363366.0,0.0188,"CB,LR,MB,RB,VP",,,,,,,,
80001,Utah Transit Authority,Salt Lake City,UT,Independent Public Agency or Authority of Transit Service,37163372,433892235.0,2951680.0,0.0068,"CB,CR,DR,LR,MB,VP",,,,,,,,
60056,Dallas Area Rapid Transit,Dallas,TX,Independent Public Agency or Authority of Transit Service,35785184,646495730.0,7918993.0,0.0122,"LR,MB,SR",,,,,,,,
40034,County of Miami-Dade,Miami,FL,"City, County or Local Government Unit or Department of Transportation",30689007,573760937.0,3840201.0,0.0067,"HR,MB,MG",,,,,,,,
00008,"Tri-County Metropolitan Transportation District of Oregon, dba: TriMet",Portland,OR,Independent Public Agency or Authority of Transit Service,28084122,644915449.0,7110479.0,0.011,"LR,MB",,,,,,,,
30034,"Maryland Transit Administration, dba: MTA",Baltimore,MD,State Government Unit or Department of Transportation,27374207,611542611.0,8456658.0,0.0138,"DR,HR,LR,MB",,,,,,,,
20188,MTA Bus Company,New York,NY,"Subsidiary Unit of a Transit Agency, Reporting Separately",26142159,973676611.0,91955978.0,0.0944,MB,,,,,,,,
50113,"Pace, the Suburban Bus Division of the Regional Transportation Authority, dba: Pace Suburban Bus",Arlington Heights,IL,Independent Public Agency or Authority of Transit Service,25607850,237102070.0,2300735.0,0.0097,"DR,MB,VP",,,,,,,,
90015,"City and County of San Francisco, dba: San Francisco Municipal Transportation Agency",San Francisco,CA,"City, County or Local Government Unit or Department of Transportation",23895254,1104958367.0,45440390.0,0.0411,"CC,LR,MB,SR,TB",,,,,,,,
80006,"Denver Regional Transportation District, dba: RTD-Denver",Denver,CO,Independent Public Agency or Authority of Transit Service,22677327,597416458.0,14647405.0,0.0245,"CR,LR,MB",,,,,,,,
50027,Metro Transit,Minneapolis,MN,"Subsidiary Unit of a Transit Agency, Reporting Separately",21964163,500547621.0,4796959.0,0.0096,"LR,MB",,,,,,,,
60011,"VIA Metropolitan Transit, dba: VIA",San Antonio,TX,Independent Public Agency or Authority of Transit Service,21678610,233962454.0,1380385.0,0.0059,"DR,MB",,,,,,,,
90026,San Diego Metropolitan Transit System,San Diego,CA,Independent Public Agency or Authority of Transit Service,21208394,262573439.0,8920852.0,0.034,"LR,MB",,,,,,,,
50118,"Northeast Illinois Regional Commuter Railroad Corporation, dba: Metra",Chicago,IL,Independent Public Agency or Authority of Transit Service,20336280,596631831.0,30988012.0,0.0519,CR,,,,,,,,
30022,Pittsburgh Regional Transit,Pittsburgh,PA,Independent Public Agency or Authority of Transit Service,20200308,465768451.0,6077970.0,0.013,"IP,LR,MB",,,,,,,,
70006,"Bi-State Development Agency of the Missouri-Illinois Metropolitan District, dba: (St. Louis) Metro",Saint Louis,MO,Independent Public Agency or Authority of Transit Service,20040272,287325676.0,14624670.0,0.0509,"DR,LR,MB",,,,,,,,
50015,The Greater Cleveland Regional Transit Authority,Cleveland,OH,Independent Public Agency or Authority of Transit Service,18793502,285238272.0,6027971.0,0.0211,"DR,HR,LR,MB,RB",,,,,,,,
90013,"Santa Clara Valley Transportation Authority, dba: Valley Transportation Authority",San Jose,CA,Independent Public Agency or Authority of Transit Service,18129248,456715876.0,4197795.0,0.0092,"LR,MB",,,,,,,,
90014,"Alameda-Contra Costa Transit District, dba: AC Transit",Oakland,CA,Independent Public Agency or Authority of Transit Service,17595592,505331963.0,23922304.0,0.0473,"CB,MB,RB",,,,,,,,
00040,"Central Puget Sound Regional Transit Authority, dba: Sound Transit",Seattle,WA,Independent Public Agency or Authority of Transit Service,17068136,483184589.0,23670494.0,0.049,"CB,LR,SR",,,,,,,,
40035,Central Florida Regional Transportation Authority,Orlando,FL,Independent Public Agency or Authority of Transit Service,16050003,160812423.0,6487107.0,0.0403,"DR,MB,RB",,,,,,,,
30075,Delaware Transit Corporation,Dover,DE,Independent Public Agency or Authority of Transit Service,14173388,123403158.0,3550532.0,0.0288,"DR,MB",,,,,,,,
40029,"Broward County Board of County Commissioners, dba: Broward County Transit Division",Fort Lauderdale,FL,"City, County or Local Government Unit or Department of Transportation",14165895,174759329.0,2820774.0,0.0161,MB,,,,,,,,
90019,"Sacramento Regional Transit District, dba: Sacramento RT",Sacramento,CA,Independent Public Agency or Authority of Transit Service,14039835,250333848.0,18279717.0,0.073,"DR,LR,MB",,,,,,,,
50012,"Southwest Ohio Regional Transit Authority, dba: Metro / Access",Cincinnati,OH,Independent Public Agency or Authority of Transit Service,13093280,158628291.0,3763692.0,0.0237,"DR,MB",,,,,,,,
30051,"Montgomery County, Maryland, dba: Ride On",Rockville,MD,"City, County or Local Government Unit or Department of Transportation",12957223,170612112.0,95354.0,0.0006,"DR,MB",,,,,,,,
20098,Port Authority Trans-Hudson Corporation,New York,NY,Independent Public Agency or Authority of Transit Service,12526893,598828004.0,43812833.0,0.0732,HR,,,,,,,,
50031,Suburban Mobility Authority for Regional Transportation,Detroit,MI,Independent Public Agency or Authority of Transit Service,12140548,109119061.0,7931611.0,0.0727,"DR,MB",,,,,,,,
50016,Central Ohio Transit Authority,Columbus,OH,Independent Public Agency or Authority of Transit Service,11805420,194578584.0,2376757.0,0.0122,"DR,MB",,,,,,,,
10001,"Rhode Island Public Transit Authority, dba: RIPTA",Providence,RI,Independent Public Agency or Authority of Transit Service,11534337,130788291.0,6507606.0,0.0498,"DR,MB",,,,,,,,
20002,Capital District Transportation Authority,Albany,NY,Independent Public Agency or Authority of Transit Service,10430429,122858477.0,1965375.0,0.016,"DR,MB",,,,,,,,
90036,Orange County Transportation Authority,Orange,CA,Independent Public Agency or Authority of Transit Service,10144329,163566385.0,1255620.0,0.0077,MB,,,,,,,,
00029,"Snohomish County Public Transportation Benefit Area Corporation, dba: Community Transit",Everett,WA,Independent Public Agency or Authority of Transit Service,10126644,153168499.0,2652034.0,0.0173,"CB,MB,VP",,,,,,,,
30083,"Transportation District Commission of Hampton Roads, dba: Hampton Roads Transit",Hampton,VA,Independent Public Agency or Authority of Transit Service,9777785,110740505.0,5043973.0,0.0455,"LR,MB",,,,,,,,
20004,"Niagara Frontier Transportation Authority, dba: NFTA - Metro Bus & Rail",Buffalo,NY,Independent Public Agency or Authority of Transit Service,9529365,154228388.0,2821210.0,0.0183,"DR,LR,MB",,,,,,,,
00002,Spokane Transit Authority,Spokane,WA,Independent Public Agency or Authority of Transit Service,9494716,110649825.0,2589990.0,0.0234,"DR,MB,VP",,,,,,,,
10048,"Connecticut Department of Transportation - CTTRANSIT - Hartford Division, dba: CTTransit",Hartford,CT,State Government Unit or Department of Transportation,9383284,107435601.0,532204.0,0.005,"MB,RB",,,,,,,,
90230,"California Vanpool Authority, dba: CalVans",Visalia,CA,Independent Public Agency or Authority of Transit Service,9200278,13661944.0,2131612.0,0.156,VP,,,,,,,,
50119,"City of Detroit, dba: Detroit Department of Transportation",Detroit,MI,"City, County or Local Government Unit or Department of Transportation",9132113,109628702.0,12886096.0,0.1175,MB,,,,,,,,
40027,Pinellas Suncoast Transit Authority,Saint Petersburg,FL,Independent Public Agency or Authority of Transit Service,9128852,88377743.0,768894.0,0.0087,"MB,RB",,,,,,,,
40004,"Metropolitan Transit Authority, dba: WeGo Public Transit",Madison,TN,Independent Public Agency or Authority of Transit Service,8687021,117714465.0,4982101.0,0.0423,"DR,MB",,,,,,,,
40041,Hillsborough Area Regional Transit Authority,Tampa,FL,Independent Public Agency or Authority of Transit Service,8457586,107221476.0,4744750.0,0.0443,"DR,MB,SR",,,,,,,,
50050,"Indianapolis and Marion County Public Transportation, dba: IndyGo",Indianapolis,IN,Independent Public Agency or Authority of Transit Service,8024651,113192122.0,3187901.0,0.0282,"MB,RB",,,,,,,,
00003,"Pierce County Transportation Benefit Area Authority, dba: Pierce Transit",Lakewood,WA,Independent Public Agency or Authority of Transit Service,7984578,98456122.0,2769784.0,0.0281,"DR,MB,VP",,,,,,,,
40040,Jacksonville Transportation Authority,Jacksonville,FL,Independent Public Agency or Authority of Transit Service,7827845,121463759.0,3985907.0,0.0328,"MB,MG",,,,,,,,
50032,"Mass Transportation Authority, dba: MTA Flint",Flint,MI,Independent Public Agency or Authority of Transit Service,7652588,53104811.0,2966084.0,0.0559,"CB,DR,MB",,,,,,,,
60032,New Orleans Regional Transit Authority,New Orleans,LA,Independent Public Agency or Authority of Transit Service,7499635,129023340.0,10510373.0,0.0815,"DR,MB,SR",,,,,,,,
20113,Regional Transit Service,Rochester,NY,Independent Public Agency or Authority of Transit Service,7465297,108696958.0,2656315.0,0.0244,"DR,MB",,,,,,,,
40037,"Board of County Commissioners, Palm Beach County, dba: Palm Tran, Inc.",West Palm Beach,FL,"City, County or Local Government Unit or Department of Transportation",7425413,78505146.0,923555.0,0.0118,MB,,,,,,,,
00018,Ben Franklin Transit,Richland,WA,Independent Public Agency or Authority of Transit Service,7385782,46067029.0,1316254.0,0.0286,"DR,MB,VP",,,,,,,,
50017,Greater Dayton Regional Transit Authority,Dayton,OH,Independent Public Agency or Authority of Transit Service,7284350,74599965.0,2970730.0,0.0398,"DR,MB,TB",,,,,,,,
00019,Intercity Transit,Olympia,WA,Independent Public Agency or Authority of Transit Service,7048118,69763188.0,2002203.0,0.0287,"CB,DR,MB,VP",,,,,,,,
90023,Long Beach Transit,Long Beach,CA,Other Publicly-Owned or Privately Chartered Corporation,6625950,121797731.0,3498195.0,0.0287,MB,,,,,,,,
40018,Transit Authority of River City,Louisville,KY,Independent Public Agency or Authority of Transit Service,6607823,81913932.0,3224152.0,0.0394,MB,,,,,,,,
60007,"Fort Worth Transportation Authority, dba: Trinity Metro",Fort Worth,TX,Independent Public Agency or Authority of Transit Service,6565921,76019388.0,174365.0,0.0023,"DR,MB",,,,,,,,
90029,"Omnitrans, dba: OMNI",San Bernardino,CA,Independent Public Agency or Authority of Transit Service,6407218,75333137.0,5017626.0,0.0666,MB,,,,,,,,
70005,Kansas City Area Transportation Authority,Kansas City,MO,Independent Public Agency or Authority of Transit Service,6330383,99011772.0,3432699.0,0.0347,"DR,MB,RB",,,,,,,,
00024,"Clark County Public Transportation Benefit Area Authority, dba: C-TRAN",Vancouver,WA,Independent Public Agency or Authority of Transit Service,5993258,76526623.0,1374859.0,0.018,"DR,MB,VP",,,,,,,,
50010,METRO Regional Transit Authority,Akron,OH,Independent Public Agency or Authority of Transit Service,5416680,57884359.0,944322.0,0.0163,"DR,MB",,,,,,,,
30006,Greater Richmond Transit Company,Richmond,VA,Other Publicly-Owned or Privately Chartered Corporation,5390674,64472433.0,1467882.0,0.0228,"DR,MB,RB",,,,,,,,
90027,"City of Fresno, dba: Fresno Area Express",Fresno,CA,"City, County or Local Government Unit or Department of Transportation",5361880,68552615.0,2583600.0,0.0377,MB,,,,,,,,
50005,City of Madison,Madison,WI,"City, County or Local Government Unit or Department of Transportation",5313577,62852017.0,1113525.0,0.0177,"MB,RB",,,,,,,,
60019,"City of Albuquerque, dba: ABQRIDE",Albuquerque,NM,"City, County or Local Government Unit or Department of Transportation",5298349,61794411.0,3890440.0,0.063,"DR,MB,RB",,,,,,,,
40003,"City of Memphis, dba: Memphis Area Transit Authority",Memphis,TN,"City, County or Local Government Unit or Department of Transportation",5109210,51533028.0,1140744.0,0.0221,"DR,MB,SR",,,,,,,,
60246,"Central Arkansas Development Council, dba: South Central Arkansas Transit",Benton,AR,Private-Non-Profit Corporation,5103022,14543230.0,696766.0,0.0479,DR,,,,,,,,
60006,"City of El Paso, dba: Sun Metro",El Paso,TX,"City, County or Local Government Unit or Department of Transportation",5077336,59376617.0,1318652.0,0.0222,"MB,SR",,,,,,,,
50033,"Interurban Transit Partnership, dba: The Rapid",Grand Rapids,MI,Independent Public Agency or Authority of Transit Service,5000173,40539442.0,2560143.0,0.0632,"DR,MB,RB",,,,,,,,
90031,Riverside Transit Agency,Riverside,CA,Independent Public Agency or Authority of Transit Service,4737581,63803295.0,6899876.0,0.1081,"CB,MB",,,,,,,,
40028,"Lee County, dba: LeeTran",Fort Myers,FL,"City, County or Local Government Unit or Department of Transportation",4698745,30770990.0,789689.0,0.0257,"DR,MB",,,,,,,,
20018,"Central New York Regional Transportation Authority, dba: New York Regional Transportation Authority",Syracuse,NY,Independent Public Agency or Authority of Transit Service,4486194,71266913.0,2725430.0,0.0382,"DR,MB",,,,,,,,
00020,"Kitsap County Public Transportation Benefit Area Authority, dba: Kitsap Transit",Bremerton,WA,Independent Public Agency or Authority of Transit Service,4476062,75498798.0,2325799.0,0.0308,"DR,FB,MB,VP",,,,,,,,
10055,"Connecticut Department of Transportation - CTTRANSIT New Haven Division, dba: CTTransit",Hartford,CT,State Government Unit or Department of Transportation,4457762,57701467.0,127317.0,0.0022,MB,,,,,,,,
20075,Port Authority Transit Corporation,Camden,NJ,Independent Public Agency or Authority of Transit Service,4445206,57673291.0,2612847.0,0.0453,HR,,,,,,,,
70002,"Transit Authority of Omaha, dba: Metro",Omaha,NE,Independent Public Agency or Authority of Transit Service,4444462,42291293.0,3247560.0,0.0768,"DR,MB",,,,,,,,
70010,Des Moines Area Regional Transit Authority,Des Moines,IA,Independent Public Agency or Authority of Transit Service,4326590,37215318.0,1539262.0,0.0414,"DR,MB,VP",,,,,,,,
20126,"Shortline Transit LLC, dba: Short Line",Mahwah,NJ,Private-For-Profit Corporation,4293693,32010500.0,2424942.0,0.0758,CB,,,,,,,,
50036,Capital Area Transportation Authority,Lansing,MI,Independent Public Agency or Authority of Transit Service,4245618,45814660.0,863790.0,0.0189,"DR,MB",,,,,,,,
30206,"Susquehanna Regional Transportation Authority, dba: rabbittransit",Harrisburg,PA,Independent Public Agency or Authority of Transit Service,4218833,18394201.0,476052.0,0.0259,"CB,DR,MB",,,,,,,,
90009,"San Mateo County Transit District, dba: SamTrans",San Carlos,CA,Independent Public Agency or Authority of Transit Service,4177512,154247173.0,7535942.0,0.0489,MB,,,,,,,,
40008,City of Charlotte North Carolina,Charlotte,NC,"City, County or Local Government Unit or Department of Transportation",4053235,86475259.0,4590962.0,0.0531,"DR,LR,SR,VP",,,,,,,,
50117,Laketran,Painesville,OH,Independent Public Agency or Authority of Transit Service,4017795,25967222.0,776372.0,0.0299,"CB,DR,MB",,,,,,,,
90004,Golden Empire Transit District,Bakersfield,CA,Independent Public Agency or Authority of Transit Service,4000435,39479680.0,1597172.0,0.0405,"DR,MB",,,,,,,,
90008,"City of Santa Monica, dba: Big Blue Bus",Santa Monica,CA,"City, County or Local Government Unit or Department of Transportation",3925400,88575877.0,5385010.0,0.0608,MB,,,,,,,,
60017,"Central Oklahoma Transportation and Parking Authority, dba: EMBARK",Oklahoma City,OK,"City, County or Local Government Unit or Department of Transportation",3921164,41838116.0,482887.0,0.0115,"DR,MB,RB",,,,,,,,
60018,"Metropolitan Tulsa Transit Authority, dba: Tulsa Transit, MetroLink Tulsa",Tulsa,OK,"City, County or Local Government Unit or Department of Transportation",3848694,24632541.0,728717.0,0.0296,"DR,MB",,,,,,,,
30202,South Central Transit Authority,Lancaster,PA,Independent Public Agency or Authority of Transit Service,3800833,32790155.0,878437.0,0.0268,"DR,MB",,,,,,,,
40032,"County of Volusia, dba: VOTRAN",Deland,FL,"City, County or Local Government Unit or Department of Transportation",3784569,25260191.0,1289982.0,0.0511,"DR,MB",,,,,,,,
30010,Lehigh and Northampton Transportation Authority,Allentown,PA,Independent Public Agency or Authority of Transit Service,3704132,43383593.0,1029653.0,0.0237,MB,,,,,,,,
