ntd_id,agency,fiscal_year,structure,pool_name,captive,sir_per_occurrence,excess_limit,liability_claims_paid_latest_fy,source_doc_url,source_page,quote,status,labeled_on
20008,MTA New York City Transit,2024,self_insured_with_excess,,yes,,,,https://www.mta.info/document/178446,"MTA consolidated ACFR FY2024 (covers all MTA agencies), Note 2 Liability Insurance p.51; SIR $11M for NYCT/LIRR/MNR/MTA Bus eff. 10/31/2015; FMTAC ELF limit $50M + ELP $325M excess of $50M = $375M total; Note 13 p.112 consolidated claims paid $649M (injuries to persons incl. employees, all agencies, not agency-specific)","FMTAC, an insurance captive subsidiary of MTA, provides a liability insurance program ( aka “ELF”) that insures certain claims in excess of the self-insured retention limits of the agencies .",ok,2026-10-08
30030,Washington Metropolitan Area Transit Authority,2024,self_insured_with_excess,,yes,,,,https://rga.lis.virginia.gov/Published/2024/RD965/PDF,"Note 13(a) Litigation and Claims, pdf p.115-116 (printed p.93-94); SIR $7.5M bus / $5M other; WMATA Insurance Captive (protected cell, since 7/1/2022) covers terrorism only, fully reinsured; rollforward payments $66.13M FY24 is litigation and claims combined (may include WC), not liability-specific","Third party bodily injury, and property damage liability claims up to $7.5 million for bus related claims and $5 million for all other types of claims with excess coverage up to $200 million;",ok,2026-10-08
20080,New Jersey Transit Corporation,2024,self_insured_with_excess,,yes,,,,https://content.njtransit.com/sites/default/files/marketing/website/pdf/2024NJ_TRANSIT_AnnualReport.pdf,"Note 15 Injury and Damage Claims, pdf p.125 (printed p.49-50); captive ARH III Insurance Company (SC) writes excess liability layers ($43M xs $280M 2021-24), FELA, TRIA, WC; rollforward claims payments $85.3M FY24 combines PL/PD/FELA/WC/EPL, not liability-specific; quote sentence spans two columns in pdftotext output (verified against PDF p.125)","As of June 30, 2024, NJ TRANSIT maintained $323.0 million excess commercial general liability program with a self-insured retention of $15.0 million.",ok,2026-10-08
50066,Chicago Transit Authority,2024,self_insured_with_excess,,no,,,,https://www.transitchicago.com/assets/1/6/CTA_Financial_Statements_2024.pdf,"Note 15, printed pp. 93-95 (PDF p. 95); five RTA-procured excess layers total $85M above the $15M SIR (coverage to $100M per occurrence); injury-and-damage payments 2024 $31,863K; RTA Joint Self-Insurance Fund is a loan facility, not a captive",The RTA provides excess liability insurance to protect the self-insurance programs for general liability and terrorism currently maintained by the CTA.,ok,2026-10-08
90154,Los Angeles County Metropolitan Transportation Authority (LA Metro),2023,self_insured_with_excess,,unclear,,,,https://www.dropbox.com/scl/fi/38pgttr1jrp4q9fbx9mp7/FY23-LA-Metro-ACFR.pdf?rlkey=mb3cc6yy74mgw72mh1xh3pneg&dl=1,"Note F. Claims Payable (Risk Management), printed pp. 93-95 = PDF pp. 102-104; FY2023 FALLBACK (FY2024 ACFR exists only behind BondLink login at metrobonds.net; metro.net lists FY23 as latest). PDF is image-only on these pages: note text recovered by tesseract OCR, verify figures against PDF. Excess stated as ""$2.5 million in excess of self-insurance retentions"" (verbatim; unusually low, verify). Claims paid = Property and Casualty column FY2023 ($60,913K). Captive=unclear: PTSC-MTA Risk Management Authority (PRMA) is a blended component unit JPA that the FY22 ACFR describes as a program of cooperative self-insurance providing public liability and property damage coverage.; quote verified against OCR risknote (notes pages are image-only)",LACMTA is partially self-insured for public liability and property damage for non-construction activities up to $25 million per occurrence.,ok,2026-10-08
20100,MTA Long Island Rail Road,2024,self_insured_with_excess,,yes,,,,https://www.mta.info/document/178446,"MTA consolidated ACFR FY2024 (covers all MTA agencies), Note 2 Liability Insurance p.51; SIR $11M for NYCT/LIRR/MNR/MTA Bus eff. 10/31/2015; FMTAC ELF limit $50M + ELP $325M excess of $50M = $375M total; Note 13 p.112 consolidated claims paid $649M (injuries to persons incl. employees, all agencies, not agency-specific)","FMTAC, an insurance captive subsidiary of MTA, provides a liability insurance program ( aka “ELF”) that insures certain claims in excess of the self-insured retention limits of the agencies .",ok,2026-10-08
90003,San Francisco Bay Area Rapid Transit District (BART),2024,self_insured_with_excess,,no,,,,https://bart.gov/sites/default/files/2024-12/1.%20BART%20Annual%20Comprehensive%20Financial%20Report%20%28002%29.pdf,"Note 10 - Risk Management, printed p. 71. Rollforward ($23,981K paid) combines casualty and workers comp, so liability-only payments not separable.","The District’s casualty program carries a retention of $15,000,000 for any one occurrence.",ok,2026-10-08
30019,Southeastern Pennsylvania Transportation Authority,2024,self_insured,,yes,,,,https://wwww.septa.org/wp-content/uploads/page/planning/SEPTA-Auditor-Financial-Report-2024.pdf,"Note 11 Self-Insurance, pdf p.73 (printed p.70-71); no commercial liability excess stated (excess $5M-$20M layer is a self-funded trust); captive Broad Street Risk Solutions (eff. 4/1/2024) covers WC deductible reimbursement only; PL/PD payment of claims FY24 $53,694K; statutory damages cap applies","The Authority is self-insured for claims arising from public liability and property damage. The Authority also maintains a self-funded insurance trust for excess amounts of $5 million to $20 million as of June 30, 2024.",ok,2026-10-08
20078,MTA Metro-North Railroad,2024,self_insured_with_excess,,yes,,,,https://www.mta.info/document/178446,"MTA consolidated ACFR FY2024 (covers all MTA agencies), Note 2 Liability Insurance p.51; SIR $11M for NYCT/LIRR/MNR/MTA Bus eff. 10/31/2015; FMTAC ELF limit $50M + ELP $325M excess of $50M = $375M total; Note 13 p.112 consolidated claims paid $649M (injuries to persons incl. employees, all agencies, not agency-specific)","FMTAC, an insurance captive subsidiary of MTA, provides a liability insurance program ( aka “ELF”) that insures certain claims in excess of the self-insured retention limits of the agencies .",ok,2026-10-08
10003,Massachusetts Bay Transportation Authority,2024,self_insured_with_excess,,no,,,,https://cdn.mbta.com/sites/default/files/2024-12/2024-12-31-audited-financial-statement-fy2024.pdf,"Note 10 Risk Management, pdf p.42 (printed p.40-41), dollars in thousands; SIR $7.5M general liability / $10M bus liability; payments for claims and judgments FY24 $10,446K (WC $15,310K separate)","The Authority self-funds a $7,500 per occurrence deductible for general liability and $10,000 per occurrence for Bus Liability. The Authority has a program of excess public liability insurance to provide for $92,500 of layered coverage on a per occurrence and annual aggregate basis.",ok,2026-10-08
40022,Metropolitan Atlanta Rapid Transit Authority (MARTA),2024,self_insured_with_excess,,no,,,,https://175-21.itsmarta.com/uploadedFiles/More/About_MARTA/MARTA%20ACFR%202024%20121224%20-digital.pdf,"Note 15 Risk Management, p. 101 (dollars in thousands; casualty excess limit over SIR $150,000K; public liability and property damage payments FY2024 $22,052K)","MARTA is self-insured for workers' compensation claims up to $5,000 per occurrence; automobile liability claims, and public liability and property damage claims up to $10,000 per occurrence.",ok,2026-10-08
00001,King County Metro (King County Department of Metro Transit),2024,self_insured_with_excess,,no,,,,https://cdn.kingcounty.gov/-/media/king-county/depts/executive-services/finance-business-operations/financial-management/financial-reports/acfr/2024-acfr-en.pdf?rev=2d1410c497ab417495239b50e0bd94f1&hash=EE9FA4868252CBB05DBEFCA7DFDFD87D,"King County ACFR (calendar year ended Dec 31, 2024), Note 11 - Risk Management, printed pp. 108-110; government-wide note covering the Public Transportation enterprise fund via the county Insurance Fund (internal service fund). No separate transit-fund risk note. Claims paid = county-wide Insurance Fund (property/casualty) 2024 payments ($23,184K), NOT transit-specific. No WSTIP membership mentioned.",The current excess liability insurance limits are $77.5 million (reflecting an increase of $2.5 million over the prior year) in excess of a $10.0 million self-insured retention (previously $7.5 million for Transit bus losses and $6.5 million self-insured retention for all other County agencies).,ok,2026-10-08
60008,Metropolitan Transit Authority of Harris County (Houston METRO),2024,self_insured,,no,,,,https://metro.resourcespace.com/pages/download.php?direct=1&noattach=true&ref=18211&ext=pdf&k=,"Note 5 Self-Insurance, p. 70 (liability limited by Texas Tort Claims Act $100K/person, $300K/occurrence; no excess liability coverage mentioned; rollforward combines WC and liability, FY2024 payments $13,861,634 combined)","The Risk Management Department is responsible for developing and implementing safety/training programs, establishing a self-insured liability for workers' compensation and third-party property/bodily injury claims, and purchasing insurance policies.",ok,2026-10-08
80001,Utah Transit Authority (UTA),2024,self_insured_with_excess,,no,,,,https://rideuta.com/-/media/Files/About-UTA/Reports/2024/2024_ACFR_Utah_Transit_Authority_FINAL.pdf,"Note 2.R Risk Management, p. 49; Note 7 Self-Insurance Claims Liability, p. 61 (FY ends Dec 31, 2024; Governmental Immunity Act cap $3M per accident; railroad liability $100M with $5M retention; rollforward combines all self-insured claims, FY2024 payments $2,020,350 combined)",The Authority carries an excess umbrella policy of $10 million over a $7 million self-insurance reserve.,ok,2026-10-08
60056,Dallas Area Rapid Transit (DART),2024,unknown,,no,,,,https://www.dartbonds.org/dart-investor-relations-tx/documents/download-report-direct/i1016?mediaId=1100288,"Note 1 Self-Insurance Liabilities, p. 42 (dollars in thousands; self-insured reserves for auto/GL plus purchased general liability coverage, but no SIR, excess, or Texas Tort Claims Act cap stated, so self_insured vs self_insured_with_excess cannot be settled from the note; Injury, Damage, and Personal Liabilities payments FY2024 $3,677K)","DART administers and maintains self-insured reserves for employee medical, operational workers’ compensation, auto, general liability (including bus/rail accidents), directors’ and officers’ liability, and light rail construction workers’ compensation and general liability claims.",ok,2026-10-08
40034,"Miami-Dade County, Department of Transportation and Public Works (Miami-Dade Transit)",2024,self_insured,,no,,,,https://www.miamidadeclerk.gov/resources-clerk/library/finance/cafr2024-complete.pdf,"Miami-Dade County ACFR Note 7 Self-Insurance Program, p. 120-121 (government-wide note; Transit enterprise fund is in the RMD-administered Self-Insurance Internal Service Fund; note states no excess coverage is purchased; countywide General, Auto, and Police Liability claims paid FY2024 $51,719K, not transit-specific; no separate transit-fund audit located)",The County’s Risk Management Division (RMD) administers workers’ compensation and auto and general liability self-insurance programs.,ok,2026-10-08
00008,Tri-County Metropolitan Transportation District of Oregon (TriMet),2024,self_insured_with_excess,,no,,,,https://trimet.org/about/pdf/finance/fy24_trimet_financials.pdf,"Note 8 Risk Management, p. 69-70 (dollars in thousands; heavy rail/PMLR claims $2,500K SIR with $323,000K excess inclusive; excess limit $25,000K is inclusive of SIR; Oregon Tort Claims Act caps $830K/$1,660K at 6/30/2024; public liability payments FY2024 $2,529K)","For all other covered third party liability claims, the District has a $5,000 self-insured retention per occurrence with excess insurance in the amount of $25,000 inclusive of the self-insured retention.",ok,2026-10-08
30034,Maryland Transit Administration (MTA Maryland),2024,self_insured_with_excess,,no,,,,https://www.mdot.maryland.gov/OOF/ACFR%20_FY_2024.pdf,"MDOT ACFR Note 17 Risk Management and Insurance, p. 96-97 (MTA is a modal administration inside the Maryland Department of Transportation ACFR; SIR $10M bus / $5M rail under $200M excess; MARC commuter rail $495M excess above $5M SIR; State Treasurer self-insures torts not covered by purchased insurance; only a workers' compensation rollforward is given)","This includes a shared self-insured retention of $5,000,000 for rail and $10,000,000 for MTA buses.",ok,2026-10-08
20188,MTA Bus Company,2024,self_insured_with_excess,,yes,,,,https://www.mta.info/document/178446,"MTA consolidated ACFR FY2024 (covers all MTA agencies), Note 2 Liability Insurance p.51; SIR $11M for NYCT/LIRR/MNR/MTA Bus eff. 10/31/2015; FMTAC ELF limit $50M + ELP $325M excess of $50M = $375M total; Note 13 p.112 consolidated claims paid $649M (injuries to persons incl. employees, all agencies, not agency-specific)","FMTAC, an insurance captive subsidiary of MTA, provides a liability insurance program ( aka “ELF”) that insures certain claims in excess of the self-insured retention limits of the agencies .",ok,2026-10-08
50113,"Pace Suburban Bus (Pace, the Suburban Bus Division of the RTA)",2024,self_insured_with_excess,,no,,,,https://www.pacebus.com/sites/default/files/2025-06/Annual%20Financial%20Report%202024.pdf,"Note 6, printed pp. 38-39 (PDF p. 43); retentions: auto liability $5M, general liability $2.5M, WC $1M per occurrence; excess limits not stated; rollforward combines GL/AL/WC/health (payments $5,101,467) so liability-only payments not separable","Pace’s basic risk financing policy is to retain a portion of the financial risk of loss for its automobile liability, general liability, and workers’ compensation exposures and to purchase aggregate insurance coverage in excess of specific self-insured retentions for each of these exposures.",ok,2026-10-08
90015,San Francisco Municipal Transportation Agency (SFMTA),2024,self_insured,,no,,,,https://www.sfmta.com/media/43561/download?inline,"Note (11) Risk Management, printed pp. 62-63; SFMTA stand-alone audited financial statements (enterprise fund of the City and County of San Francisco, Crowe LLP). General/transit liability listed as ""Self-insured"" with no excess coverage mentioned; claims paid = general/transit liability rollforward FY2024 ($24,911K).",The SFMTA is self-insured.,ok,2026-10-08
80006,Denver Regional Transportation District (RTD),2025,self_insured,,no,,,,https://cdn.rtd-denver.com/image/upload/v1782401093/2025_Annual_Comprehensive_Financial_Report_caj0kh.pdf,"Note H Self-Insurance, p. 93 (FY2025 report, year ended Dec 31, 2025; FY2024 report not linked on rtd-denver.com; dollars in thousands; Colorado Governmental Immunity Act caps $424K/person, $1,195K/occurrence; auto liability payments FY2025 $4,302K, FY2024 $5,608K)",The agency does not carry excess liability insurance for personal injury and property damage.,ok,2026-10-08
50027,"Metro Transit (Minneapolis-St. Paul; a division of the Metropolitan Council, which issues the ACFR)",2024,self_insured,,no,,,,https://metrocouncil.org/About-Us/Publications-And-Resources/BUDGETS-FINANCE/2024-Annual-Comprehensive-Financial-Report.aspx,"Note V.A Risk management, printed pp. 55-56 (PDF p. 75); parent-government (Metropolitan Council) ACFR; general liability stated as 'either purchases general liability insurance or self-insures' (ambiguous); MN tort cap $500K/claim, $1.5M/occurrence; no excess mentioned; only WC rollforward given",The Council administers a self-funded program for other risks associated with automobile liability and physical damage.,ok,2026-10-08
60011,VIA Metropolitan Transit (San Antonio),2024,self_insured,,no,,,,https://www.viainfo.net/wp-content/uploads/2025/04/2024-Annual-Comprehensive-Financial-Report.pdf,"Note 11 Risk Management, p. 99-100 (Texas Tort Claims Act limits $100K/person, $300K/occurrence; no excess liability coverage mentioned; rollforward column combines property and casualty with public liability, FY2024 payments $1,022,461 combined)",VIA is self‐insured for public liability claims and maintains a reserve for estimated liabilities to fund such claims.,ok,2026-10-08
90026,San Diego Metropolitan Transit System (MTS),2024,self_insured_with_excess,,no,,,,https://www.sdmts.com/sites/default/files/attachments/2024_san-diego-mts_final-acfr_.pdf,"Note 9 - Risk Management, printed pp. 55-56. Rollforward ($5,400,000 paid in FY2024 row, which the PDF mislabels as a second ""2023"") covers all self-insurance programs (liability plus workers comp), so liability-only not separable.","MTS (including SDTC, SDTI, and MTS – Contracted Services) is self–insured for third party liability claims to a maximum of $7,500,000 per occurrence.",ok,2026-10-08
50118,Metra (Northeast Illinois Regional Commuter Railroad Corporation),2024,self_insured_with_excess,,no,,,,https://metra.com/document/metra-2024-financial-statements-audit-resutlspdf,"Note 6 Retained Risk Programs, printed pp. 29-30 (PDF p. 31); rail liability coverage to the $323M cap (Metra to $15M, RTA $15M-$100M, Metra $100M-$323M) incl. FELA; 2024 payments $35,817K combine injury/damage and FELA so liability-only not separable; audited financial statements, not an ACFR","The Self-Insured Retention (SIR) for the rail liability policies is $7.5 million, the deductible for the separate non-owned auto policy is $50 thousand.",ok,2026-10-08
30022,Pittsburgh Regional Transit,2024,self_insured,,no,,,,https://www.rideprt.org/globalassets/our-organization/audits/2024independentauditorreport.pdf,"Note 8 Public Liability, Property Damage, and Workers Compensation Claims, pdf p.44 (printed p.25); Commonwealth-agency tort cap $1,000,000 per occurrence / $250,000 per plaintiff; no claims rollforward, reserve ~$9M at 6/30/2024","As the result of this holding, it has not been necessary for PRT to purchase excess public liability insurance, and it is self-insured for public liability claims.",ok,2026-10-08
70006,Bi-State Development Agency (St. Louis Metro),2024,self_insured_with_excess,,no,,,,https://www.bistatedev.org/wp-content/uploads/2024-ACFR_Bi-State-Development.pdf,"Note 8 Liability, Claims And Litigation, p. 80-81 (excess limit is an annual aggregate; Missouri sovereign immunity caps $505,520/person, $3,370,137/occurrence for CY2024; Injury, Damage and Personal Liabilities claim payments FY2024 $11,642,440)","Annually, Bi-State Development Purchases Excess Liability insurance with an annual aggregate limit of $70.0 million for claims whose value exceeds the maximum of $5.0 million per occurrence covered by the self-insured retention.",ok,2026-10-08
50015,Greater Cleveland Regional Transit Authority,2024,self_insured_with_excess,,no,,,,https://www.riderta.com/sites/default/files/ACFR/2024_ACFR.pdf,"Note 13, printed pp. 67-68 (PDF p. 72); not an OTRP member per note; rollforward combines PL/PD/WC/medical (payments $36,653,918) so liability-only not separable","This umbrella liability coverage is in the amount of $100,000,000 per accident in excess of a $5,000,000 self-insured retention.",ok,2026-10-08
90013,Santa Clara Valley Transportation Authority (VTA),2024,self_insured_with_excess,,no,,,,https://www.vta.org/sites/default/files/2024-12/Annual-Comprehensive-Financial-Report-ACRF-FY-2024.pdf,"Note 16 - Claims, Commitments, and Contingencies, printed pp. 2-77 to 2-78; claims rollforward (Liability column, FY2024 payments $4,622K) is in the self-insurance liabilities table on p. 2-76 (Note 15).","For General Liability, VTA is self-insured for $10 million per occurrence.",ok,2026-10-08
00040,Central Puget Sound Regional Transit Authority (Sound Transit),2024,unknown,,no,,,,https://www.soundtransit.org/sites/default/files/documents/2024-financial-statement-independent-audit.pdf,"Reclassified from commercial to unclear at merge: note says commercial insurance with ""a specific deductible or self-insured retention"" but discloses no amounts, so commercial vs self_insured_with_excess cannot be settled. 2024 Financial Statements and Independent Auditor's Report (calendar year ended Dec 31, 2024), Note 10 - Other Long-Term Obligations, Risk Management paragraph, printed pp. 46-47. Policies carry ""a specific deductible or self-insured retention"" but no amounts are disclosed and no claims rollforward is given; classification as commercial is a judgment call (could be self_insured_with_excess if the SIR is large). No WSTIP membership mentioned; workers comp insured through the State of Washington.",Sound Transit has established a comprehensive risk management and insurance program to mitigate the potential for loss and for the administration of claims through a combination of commercial insurance and coverage under partner agency operating agreements.,ok,2026-10-08
90014,Alameda-Contra Costa Transit District (AC Transit),2024,self_insured_with_excess,,no,,,,https://www.actransit.org/sites/default/files/2025-10/AC%20Transit-FY24-ACFR%20-%20FINAL.pdf,"Note 15 - Risk Management, printed pp. 49-50 (coverage table: Type / Deductible / Coverage Limit). GL deductible $1,000,000; Auto Liability deductible $2,000,000; both with excess up to $53,000,000. Claims paid = Public Liability column FY2024 ($3,695K).","General Liability $ 1,000,000 $2,000,000 per occurrence with excess up to $53,000,000",ok,2026-10-08
90036,Orange County Transportation Authority (OCTA),2024,self_insured,,no,,,,https://octa.net/pdf/ACFR2024.pdf,"Note 10 - Risk Management - Claims Liability, printed pp. 54-55 (internal service funds; amounts in thousands). Claims paid = General Liability payments FY2024 ($469K). No excess liability coverage mentioned.","For fiscal year 2022-23 and fiscal year 2023-24, general liability claims are fully self-insured with an adequate funding reserve as required by the OCTA Board of Directors.",ok,2026-10-08
90019,Sacramento Regional Transit District (SacRT),2024,self_insured_with_excess,,no,,,,https://www.sacrt.com/wp-content/uploads/FY-2024-Annual-Comprehensive-Financial-Report.pdf,"Note 12 - Self-Insurance, printed pp. 72-73. Commercial general liability (bus, light rail): self-insured up to $2,000,000 per occurrence, excess $2,000,000 to $100,000,000 ($323,000,000 for light rail Union Pacific corridor). Rollforward ($8,577,297 paid FY2024) combines PLPD and workers comp.",SacRT purchases commercial insurance for claims in excess of self-insured amounts and for all other risks of loss to a stated maximum amount.,ok,2026-10-08
,"City of Phoenix Public Transit Department (Valley Metro bus operations; City of Phoenix ACFR, Transit Special Revenue Fund)",2024,self_insured_with_excess,,no,,,,https://www.phoenix.gov/content/dam/phoenix/financesite/documents/acfr/2024PHXACFRFinalOnlineRS.pdf,"Note 13 Risk Management, PDF p. 116-117 (printed p. 90-91). City-wide ACFR note; transit claims reported in the Transit Special Revenue Fund. Excess liability purchased above SIR, limit not stated. Claims rollforward ($53.4M paid) combines liability and workers comp, so liability-only payments not separable.",The City maintained a self-insured retention of $7.5 million for most public entity liability exposures and a self-insured retention of $10.0 million for transit operations.,ok,2026-10-08
,Valley Metro Regional Public Transportation Authority (RPTA),2024,commercial,,no,,,,https://app.fac.gov/dissemination/report/pdf/2024-06-GSAFAC-0000346051,"Note 12 Risk Management, PDF p. 78-79 (printed p. 62-63). PDF is the FY2024 ACFR as filed in the Federal Audit Clearinghouse single-audit package (valleymetro.org is behind a Cloudflare challenge). Transit operations liability is carried by contracted operators, who indemnify the Authority. No claims rollforward.",These risks are covered by commercial insurance purchased from independent third parties.,ok,2026-10-08
milwaukee,Milwaukee County Transit System (MCTS; operated by Milwaukee Transport Services Inc. under Milwaukee County),2024,unknown,,unclear,,,,https://legistar.granicus.com/MilwaukeeCounty/attachments/5ca79b53-88c6-4481-9866-0136be2fbcee.pdf,"Milwaukee County ACFR Note 10, printed p. 148 (PDF p. 152); parent-government ACFR (via Legistar file 25-558; county.milwaukee.gov is Cloudflare-blocked); Transit System excluded from County risk fund and its own $8,822K claims liability is not typed (payments 2024 $3,605K, type unspecified); WI statutory caps $50K GL/$250K auto per claim; MTS Inc. standalone audit not located","All funds of the County, except for the Transit System, participate in the program and make payments to the Risk Management Fund based on actuarial estimates of the amounts needed to pay prior and current year claims and to establish a claims reserve.",ok,2026-10-08
,City and County of Honolulu Department of Transportation Services (TheBus / Oahu Transit Services; City and County of Honolulu ACFR),2024,self_insured_with_excess,,no,,,,https://www.honolulu.gov/bfs/wp-content/uploads/sites/62/2025/01/CC-Honolulu-ACFR-FY2024-PDF-A.pdf,"OTS component-unit note (Reserve for Insurance Claims Payable), PDF p. 153 (printed p. 139): City sponsors an auto and general liability self-insurance program for OTS for claims up to $3.0 million. City-wide Risk Management note PDF p. 156-157 (printed p. 143-144). Claims paid figure is the City-wide Automobile and General Liability column ($18,468K), not transit-specific.","OTS has obtained excess insurance coverage for general liability, automotive claims and workers’ compensation through various insurance companies for amounts in excess of claims covered under the two self-insurance programs.",ok,2026-10-08
50016,Central Ohio Transit Authority (COTA),2024,self_insured,,no,,,,https://www.cota.com/wp-content/uploads/2026/02/COTA_ACFR_24_Final.pdf,"Note 8, printed pp. 42-43 (PDF p. 46); note also says COTA 'purchases commercial insurance for ... general liability' with no limits or retention stated, so an excess layer may exist; general liability claims paid 2024 $1,529,924; $18.2M board-designated self-insurance assets","COTA is self-insured for all public liability, personal injury and property damage claims.",ok,2026-10-08
50012,Southwest Ohio Regional Transit Authority (SORTA / Cincinnati Metro),2024,pool,Ohio Transit Risk Pool,no,,,,https://ohioauditor.gov/auditsearch/detail.aspx?ReportID=feda3229-80c8-4235-ae5a-fdd7343e4fce,"Note 9, printed pp. 56-57 (PDF p. 62); member deductible $1,000,000 per occurrence within OTRP $2M retention; OTRP reinsurance $10M per occurrence; PL/PD payments 2024 $2,331,986; PDF is the Ohio Auditor of State release of the Crowe-audited ACFR (postback download)","Effective December 1, 2021, the Authority commenced participation in the Ohio Transit Risk Pool (OTRP) related to its public liability insurance.",ok,2026-10-08
,Regional Transportation Commission of Southern Nevada (RTC),2024,commercial,,no,,,,https://app.fac.gov/dissemination/report/pdf/2024-06-GSAFAC-0000064135,"Note 14 Risk Management, PDF p. 82-84 (printed p. 71-73). PDF is the FY2024 ACFR as filed in the Federal Audit Clearinghouse single-audit package (rtcsnv.com returns 403 to non-browser clients). Commercial GL $5M per occurrence with $150K SIR; auto liability $5M with $100K SIR; excess liability $5M. Revenue-vehicle auto liability is carried by the operating contractors. No claims rollforward.","Under the insurance policies with various insurance carriers, the RTC is only responsible to pay the deductibles and co-insurance amounts stipulated in the policies.",ok,2026-10-08
,"Capital Metropolitan Transportation Authority (CapMetro, Austin)",2024,commercial,,no,,,,https://www.capmetro.org/docs/default-source/about-capital-metro-docs/financial-transparency-docs/audit-documents/comprehensive-annual-financial-reports/fy2024-annual-comprehensive-financial-report.pdf?sfvrsn=ed931e05_1,"Note 1 Risk Management, PDF p. 44 (printed p. 25); Note 13 Self-Insurance, PDF p. 75 (printed p. 56) covers only workers comp ($25K SIR) and health/dental. No liability deductible or claims rollforward stated.",Commercial insurance coverage is purchased for claims arising from such matters.,ok,2026-10-08
50119,"City of Detroit, Detroit Department of Transportation (DDOT; use the City of Detroit ACFR, transportation enterprise fund)",2024,self_insured,,no,,,,https://detroitmi.gov/sites/detroitmi.localhost/files/2025-01/City%20of%20Detroit%20FY2024%20ACFR%20FINAL-R%20%2012.20.2024.pdf,"City of Detroit ACFR Note 11, printed pp. 108-109 (PDF p. 135); parent-government ACFR, FY ended June 30, 2024; Transportation Fund (DDOT) risk activities are carried in the General Fund so DDOT records no claims liability; rollforward combines WC/legal/disability/general/vehicular so liability-only not separable","The City currently is also self-insured for losses such as workers’ compensation, legal, disability benefits, and vehicular liabilities and does not purchase stop-loss insurance except for workers’ compensation with a $7,000,000 specific retention.",ok,2026-10-08
50031,Suburban Mobility Authority for Regional Transportation (SMART),2024,self_insured_with_excess,,no,,,,https://www.smartbus.org/Portals/0/FY%202024%20Financial%20Report.pdf,"Note 9, printed pp. 27-28 (PDF p. 29); FY ended June 30, 2024; rollforward combines vehicle/general/WC (payments $8,577,495) so liability-only not separable","In fiscal years 2024 and 2023, SMART was a qualifying self-insurer for vehicle and general liability loss, with a self-retention per occurrence amount of $1 million and excess insurance totaling $10 million per occurrence.",ok,2026-10-08
20098,Port Authority Trans-Hudson Corporation (PATH; Port Authority of New York and New Jersey annual financial report),2024,mixed,,yes,,,,https://www.panynj.gov/content/dam/corporate/financial-statements-pdfs/financial-statements-2024.pdf,"Note M Risk Financing Activities, PDF p. 106-109 (printed p. 102-105). PANYNJ-wide note covers PATH. Captive (PAICE) plus commercial public liability program plus self-insured public liability loss reserves; public liability SIR not stated (the $500K PAICE retention is for the construction OCIP). Claims paid = self-insured public liability loss reserve payments 2024 ($13,762K), PANYNJ-wide.","A portion of the insurance under the programs described below is provided by the Port Authority’s captive insurer, PAICE (see “Port Authority Insurance Captive Entity, LLC” in this Section).",ok,2026-10-08
30083,Hampton Roads Transit (Transportation District Commission of Hampton Roads),2024,self_insured_with_excess,,no,,,,https://gohrt.com/wp-content/uploads/2025/10/0__Transportation-District-Commission-of-Hampton-Roads-2024-FINAL.pdf,"Note 13 Self-Insurance, PDF p. 28-29 (printed p. 19-20). Excess insurance purchased above the $1M retention, limit not stated. Rollforward ($836,594 paid) combines general liability and workers comp.","The Commission is self-insured with a retention amount of $1,000,000 of each occurrence.",ok,2026-10-08
40008,Charlotte Area Transit System (CATS; City of Charlotte ACFR),2024,self_insured_with_excess,,no,,,,https://www.charlottenc.gov/files/sharedassets/city/v/1/city-government/departments/documents/finance/publications/2024/cacfr/fiscal-year-2024-annual-comprehensive-financial-report.pdf,"Note (2) Risk Management, PDF p. 138 (printed p. 112; dollar amounts in thousands). City-wide ACFR note; CATS is a city enterprise fund. Excess vehicle/general liability covers claims in excess of $2,000K but less than $22,000K per occurrence; separate City bus liability and passenger railway liability policies are also purchased. RMF rollforward ($25,293K paid) covers all risks, not liability only.","The City has a Risk Management Fund (RMF), an internal service fund, to account for and finance its insured and uninsured risks of loss.",ok,2026-10-08
30006,Greater Richmond Transit Company (GRTC),2024,pool,Virginia Transit Liability Pool (VTLP),no,,,,https://app.fac.gov/dissemination/report/pdf/2024-06-GSAFAC-0000067008,"Note 9 Accrued Uninsured Accident Claims, PDF p. 31 (printed p. 28). PDF is the FY2024 financial report as filed in the Federal Audit Clearinghouse single-audit package (ridegrtc.com posts no audited statements). pdftotext drops the first sentence, which on the rendered page reads: The Company has joined the Virginia Transit Liability Pool (the Pool). Additional liability insurance purchased for up to $10,000,000 per accident. Claims paid = accrued uninsured accident claims paid FY2024.","Under the Pool, the Company has $20,000,000 liability and excess coverage (with a $325,000 self-insurance retention).",ok,2026-10-08
40029,"Broward County Transit (Broward County ACFR, Transit enterprise fund)",2024,self_insured,,no,,,,https://www.browardcdn.org/api/public/content/95f7fce4c23b48e6a72c106ed59b701d?v=b946ae2d,"Note 10 Risk Management, PDF p. 71-72 (printed p. 53-54). County-wide ACFR note; Transit is a county enterprise fund. Liability retained up to the s. 768.28 sovereign immunity caps; no excess liability policy listed in Table 21 Insurance in Force (PDF p. 158). Claims paid = General Liability and Other - County line ($3,120K), county-wide not transit-specific.","The County is self-insured for third party liability up to the statutory limits of $200,000 per person and $300,000 per occurrence in accordance with Section 768.28, Florida Statutes.",ok,2026-10-08
40035,"Central Florida Regional Transportation Authority (LYNX, Orlando)",2024,self_insured_with_excess,Preferred Governmental Insurance Trust (PGIT) writes the $1M general liability layer above a $200K SIR per the unaudited insurance schedule,no,,,,https://www.golynx.com/file/143255/LYNX-ACFR_2025-03-24.pdf,"Note 4 Accrued Self-Insurance Liability, PDF p. 37-38 (printed p. 29-30); sovereign immunity caps $200K per claim / $300K per accident. SIR and excess figures come from the unaudited Risk Management Insurance Policies schedule FY2024, PDF p. 73 (printed p. 63): PGIT General Liability limit $1,000,000, SIR $200,000; auto liability via PGIT with limit shown as N/A. Rollforward ($19.07M paid) combines public liability, workers comp and health.","The Authority has been self-insured since 1986 for personal injury coverage related to its transit coaches, since 1991 for workers compensation coverage and since 2016 for health insurance; all other risks of loss are covered through the purchase of commercial insurance.",ok,2026-10-08
40040,Jacksonville Transportation Authority (JTA),2024,self_insured_with_excess,,no,,,,https://www.jtafla.com/media/zsoopyof/audit-statement-fy24.pdf,"Note 11 Risk management, PDF p. 43-44 (printed p. 40-41). Stop loss limited to $2 million for automobile and $1 million for personal injury; claims above $200K/$300K subject to Florida sovereign immunity (s. 768.28). Rollforward is the GL/auto self-insurance program only (workers comp commercially insured), so claims paid $1,620,454 is liability-specific.","The Authority is self-insured for general liability and automobile liability and purchases stop loss insurance which caps the Authority’s liability at $300,000 per claim.",ok,2026-10-08
30075,Delaware Transit Corporation (DART First State),2024,self_insured,,no,,,,https://deldot.gov/Publications/reports/financial_statements_audits/pdfs/2024%20DelDOT%20Audit%20Report.pdf,"Parent source: State of Delaware Department of Transportation audited financial statements FY2024 (DTC is a DelDOT subsidiary; no standalone DTC audit posted); Note 20 Risk Management (b) Auto Insurance, printed pp. 78-79 (pdf pp. 78-80); auto liability retained up to the $1,000,000 sovereign immunity cap with no excess policy; auto claim payments $3,156,329 FY2024",DTC maintains auto insurance coverage through a risk retention strategy.,ok,2026-10-08
30051,Montgomery County MD Ride On (Division of Transit Services),2024,self_insured_with_excess,,no,,,,https://app.fac.gov/dissemination/report/pdf/2024-06-GSAFAC-0000358416,"Parent government source: Montgomery County, Maryland ACFR FY2024 (FYE 6/30/2024) inside the FAC single-audit package; Note IV.A Risk Management, pdf p. 130; countywide Liability and Property Coverage Self-Insurance Fund (shared with MCPS, HOC, WSTC etc.); retention and excess amounts not stated; claim payments $66,060,691 FY2024 are countywide liability and property, not Ride On-specific",Commercial insurance is purchased for claims in excess of coverage provided by the self-insurance fund and for other risks not covered by the fund.,ok,2026-10-08
10001,Rhode Island Public Transit Authority (RIPTA),2024,self_insured,,no,,,,https://www.ripta.com/sites/default/files/2025-08/RIPTA-ACFR-2024.pdf,"RIPTA ACFR FY2024 from ripta.com (PDF not saved: host blocks curl with a JS challenge; text extracted in the browser pane with pdf.js); Note 17 Risk Management, printed p. 58 (pdf p. 63) and Note 6 Self-Insurance, printed pp. 39-41 (pdf pp. 44-46); auto liability fully self-insured with no excess layer described (RI tort cap applies); self-insured claims payments $3,832,503 FY2024 combine auto liability and WC",The Authority purchases commercial insurance for property damage and general liability and is self-insured for automobile liability and workers' compensation claims.,ok,2026-10-08
20002,Capital District Transportation Authority,2024,self_insured_with_excess,,no,,,,https://app.fac.gov/dissemination/report/pdf/2024-03-GSAFAC-0000347146,"FAC single-audit package FY2024 (FYE 3/31/2024); Note 10 Commitments and Contingencies - Risk Management / Self-Insured Claims, printed pp. 18-19 (pdf pp. 27-28); general liability rollforward: claim payments $656,600 in FY2024","The Authority assumes liability for personal injury and property damage claims up to $2 million per occurrence and workers’ compensation claims up to $1,000,000 per occurrence.",ok,2026-10-08
00029,Community Transit (Snohomish County PTBA),2024,pool,Washington State Transit Insurance Pool (WSTIP),no,,,,https://portal.sao.wa.gov/ReportSearch/Home/ViewReportFile?isFinding=false&sp=false&arn=1037775,"WA SAO Financial and Federal audit report FY2024 (CY2024); Note 5 Risk Pool and Insurance, pdf pp. 38-40; liability deductible $0, WSTIP bodily injury & property damage coverage $25 million per occurrence",Community Transit assumes the liability for claims up to the deductible amounts listed in the following table for each type of risk. Risk of claims in excess of the deductible amount has been transferred to WSTIP.,ok,2026-10-08
20004,Niagara Frontier Transportation Authority (NFTA Metro),2024,self_insured_with_excess,,no,,,,https://app.fac.gov/dissemination/report/pdf/2024-03-GSAFAC-0000052220,"FAC single-audit package FY2024 (FYE 3/31/2024), NFTA consolidated (Metro is a subsidiary); Note 2(j) and Note 9(b) Self-Insured Claims, pdf pp. 23 and 40; liability-specific retention not separately stated; claims rollforward ($7,127K paid) covers all self-insured risks incl. WC","The Authority has excess insurance from commercial carriers to cover claims in excess of $1,250,000 per occurrence for workers compensation claims and limits ranging from $50,000 to $5,000,000 depending on the type of claim for other self-insured claims.",ok,2026-10-08
00002,Spokane Transit Authority,2024,pool,Washington State Transit Insurance Pool (WSTIP),no,,,,https://portal.sao.wa.gov/ReportSearch/Home/ViewReportFile?isFinding=false&sp=false&arn=1037770,"WA SAO Financial and Federal audit report FY2024 (CY2024); Note 8 Risk Management, pdf pp. 54-57; general liability bodily injury & property damage $25 million per occurrence, $0 deductible; the FY2024 PDF's note font has a broken ToUnicode map (pdftotext garbles it), decoded via the FY2023 SAO report arn 1035191 where the quoted sentence appears verbatim",STA assumes the liability for claims up to the deductible amounts listed below for each type of risk. Risk of claims in excess of the deductible amount have been transferred to the Washington State Transit Insurance Pool.,ok,2026-10-08
10048,CTtransit Hartford (CTDOT),2024,unknown,,unclear,,,,https://osc.ct.gov/wp-content/uploads/2025/03/State-of-Connecticut-ACFR-FY-24-3-26-25.pdf,"Parent government source: State of Connecticut ACFR FY2024 (CTtransit is state-owned and operated under CTDOT service contracts; no separate CTtransit audit located); Note 18 Risk Management, printed p. 98 (pdf p. 98); the note is statewide and does not describe bus-operation liability financing, so the CTtransit structure is unclear from this source (highest state SIR cited is $25.0 million on a railroad liability policy)","For the general liability risk, the State is self-insured because it has sovereign immunity.",ok,2026-10-08
90230,CalVans (California Vanpool Authority),2023,commercial,,no,,,,https://calvans.gov/wp-content/uploads/cv_pubpdfs/8658/ATTACHMENT%206-1.%20%20FY%2022-23%20Agency%20Financial%20Statements.pdf,"CalVans audited financial statements FY2023 (board agenda attachment 6-1, Sept 2024 meeting; FY2024 statements not posted; PDF not saved: calvans.gov blocks curl, text extracted in the browser pane with pdf.js); Note 11 Risk Management Liability, printed p. 22 (pdf p. 28); general liability $2,000,000, commercial auto $1,000,000, umbrella $1,000,000; deductibles not stated",CalVans is insured with commercial carriers.,ok,2026-10-08
40027,Pinellas Suncoast Transit Authority,2024,self_insured_with_excess,,no,,,,https://app.fac.gov/dissemination/report/pdf/2024-09-GSAFAC-0000364106,"FAC single-audit package FY2024 (FYE 9/30/2024), contains the ACFR; Note 8 Risk Management, printed pp. 46-47 (pdf pp. 50-51); excess liability $2,000,000 per occurrence; general liability claim payments $283,254 in FY2024 (FY2023: $1,421,993)","The Authority maintains self-insured programs for damage to vehicles and general liability claims for amounts up to $200,000 and workers’ compensation claims for amounts up to $250,000.",ok,2026-10-08
40004,WeGo Public Transit (Nashville Metropolitan Transit Authority),2024,self_insured_with_excess,,no,,,,https://app.fac.gov/dissemination/report/pdf/2024-06-GSAFAC-0000064510,"FAC single-audit package FY2024 (FYE 6/30/2024); Note G Self-Insurance, printed pp. 44-45 (pdf pp. 47-48); accident losses above $100,000 per revenue vehicle covered by an insurance program with unstated annual/aggregate limits; no liability claims rollforward (only medical)","MTA is self-insured up to $100,000 for all losses relating to the operation of any revenue vehicle.",ok,2026-10-08
40041,Hillsborough Area Regional Transit Authority (HART),2024,self_insured,,no,,,,https://app.fac.gov/dissemination/report/pdf/2024-09-GSAFAC-0000358795,"FAC single-audit package FY2024 (FYE 9/30/2024), contains the ACFR; Note 9 Self Insurance and Loss Contingencies, Section II pp. 54-55 (pdf pp. 74-75); general liability exposure capped by Florida sovereign immunity ($200,000 per person / $300,000 per occurrence); no excess liability policy mentioned; total claims liability $5,800,435 all programs","During 1987, the Authority established a self-insurance program for general liability claims.",ok,2026-10-08
50050,IndyGo (Indianapolis Public Transportation Corporation),2024,self_insured,,no,,,,https://app.fac.gov/dissemination/report/pdf/2024-12-GSAFAC-0000367121,"FAC single-audit package FY2024 (CY2024); Note 5 Risk Management, printed p. 42 (pdf p. 48) plus Note 1 risk paragraph (pdf p. 38); self-insured for personal injury/property damage and WC without limitation; no excess liability coverage described; claims rollforward ($4,693,568 paid) combines all self-insured risks","During 1986, IPTC’s Board of Directors approved the establishment of a nonreverting fund (Liability Reserve Account) for payment of personal injury and property damage claims in excess of $100,000.",ok,2026-10-08
00003,Pierce Transit (Pierce County PTBA),2024,pool,Washington State Transit Insurance Pool (WSTIP),no,,,,https://portal.sao.wa.gov/ReportSearch/Home/ViewReportFile?isFinding=false&sp=false&arn=1038075,"WA SAO Financial and Federal audit report FY2024 (CY2024); Note 12 Risk Pool and Insurance, pdf pp. 61-63; WSTIP bodily injury & property damage coverage $25 million per occurrence; Pierce self-insures workers comp and unemployment (not liability)","Pierce Transit has a $5,000 deductible for public official’s liability coverage and has no deductible for general and auto liability risks covered by WSTIP.",ok,2026-10-08
50032,Mass Transportation Authority (MTA Flint),2024,self_insured_with_excess,,no,,,,https://app.fac.gov/dissemination/report/pdf/2024-09-GSAFAC-0000359446,"FAC single-audit package FY2024 (FYE 9/30/2024); Note 7 Risk Management, printed p. 33 (pdf p. 37); retention and excess limits not stated; claims rollforward ($866,075 paid FY2024) combines auto/general liability and WC","The Authority is self-insured for automobile liability, general liability, and workers' compensation. The Authority purchases excess of loss reinsurances to protect the Authority in the event of catastrophic losses on either a single occurrence or an annual aggregate basis.",ok,2026-10-08
60032,New Orleans Regional Transit Authority,2023,self_insured_with_excess,,no,,,,https://app.fac.gov/dissemination/report/pdf/2023-12-GSAFAC-0000064046,"FAC single-audit package FY2023 (CY2023; FY2024 not on FAC as of 2026-10); Note 10 Self Insurance and Legal Claims, printed pp. 46-47 (pdf pp. 48-49); SIR and excess vary by date of loss (current layer read as $2,000,000 SIR / $25,000,000 excess); legal and small claims payments $3,503,738 in 2023","The RTA is self-insured for general liability claims up to between $500,000 and $2,000,000 depending on the date of occurrence of the claim. Commercial insurance covers annual claims in excess of up to between $5,000,000 and $25,000,000 depending on the date of occurrence of the claim.",ok,2026-10-08
20113,Regional Transit Service (Rochester-Genesee Regional Transportation Authority),2024,self_insured_with_excess,,no,,,,https://app.fac.gov/dissemination/report/pdf/2024-03-GSAFAC-0000050369,"FAC single-audit package FY2024 (FYE 3/31/2024); Note 7 Self-Insurance, printed pp. 40-41 (pdf pp. 42-43); litigated and unlitigated claims reserve: payments/recoupments $1,124,596 in FY2024","The Authority maintains aggregate automobile liability insurance coverage of $15,000,000, including the first $1,500,000 per incident for which the Authority is self-insured.",ok,2026-10-08
40037,Palm Tran (Palm Beach County),2024,self_insured,,no,,,,https://app.fac.gov/dissemination/report/pdf/2024-09-GSAFAC-0000372853,"Parent government source: Palm Beach County ACFR FY2024 inside the FAC single-audit package; Note 11 Risk Management - Property and Liability, printed pp. 79-80 (pdf pp. 110-111); County generally self-insures property/liability to $500,000 with insurance above, Palm Tran liability self-insured to $300,000 (equals the Florida sovereign immunity cap, F.S. 768.28); claims rollforward ($4,476,398 paid) is countywide property and liability, not Palm Tran-specific","Liability claims against Palm Tran are exceptions to the forgoing and are self-insured up to $300,000.",ok,2026-10-08
00018,Ben Franklin Transit,2024,pool,Washington State Transit Insurance Pool (WSTIP),no,,,,https://portal.sao.wa.gov/ReportSearch/Home/ViewReportFile?isFinding=false&sp=false&arn=1038120,"WA SAO Financial and Federal audit report FY2024 (CY2024); Note 9 Risk Management, pdf pp. 48-51; WSTIP bodily injury & property damage coverage $25 million per occurrence","BFT has a $5,000 deductible for public official’s liability coverage and has no deductible for general and auto liability risks covered by WSTIP.",ok,2026-10-08
50017,Greater Dayton Regional Transit Authority,2024,pool,Ohio Transit Risk Pool (OTRP),no,,,,https://app.fac.gov/dissemination/report/pdf/2024-12-GSAFAC-0000371090,"FAC single-audit package FY2024 (CY2024); Note 9 Risk Management, printed pp. 37-38 (pdf pp. 39-40); OTRP per-occurrence retention for liability claims $2,000,000 (pool-level, member charged a deductible), OTRP reinsurance $10,000,000 per occurrence for casualty; claims rollforward ($10,980,577 paid) is combined WC/medical, not liability-specific","Effective December 1, 2021, the Authority commenced participation in the Ohio Transit Risk Pool (OTRP) related to its risk of property and casualty loss.",ok,2026-10-08
00019,Intercity Transit (Thurston County PTBA),2024,pool,Washington State Transit Insurance Pool (WSTIP),no,,,,https://portal.sao.wa.gov/ReportSearch/Home/ViewReportFile?isFinding=false&sp=false&arn=1037885,"WA SAO Financial and Federal audit report FY2024 (CY2024); Note 8 Risk Management, pdf pp. 56-61; coverage summary table on pdf pp. 59-60 is an image (no text layer), so the liability limit is not captured","Intercity Transit has a $5,000 deductible for public official’s liability coverage and has no deductible for general and auto liability risks covered by WSTIP.",ok,2026-10-08
90023,Long Beach Transit (Long Beach Public Transportation Company),2024,self_insured_with_excess,,no,,,,https://app.fac.gov/dissemination/report/pdf/2024-06-GSAFAC-0000349251,"FAC single-audit package FY2024 (FYE 6/30/2024), contains the ACFR; Note 6 Estimated Liability for Insurance Claims, printed pp. 32-33 (pdf pp. 70-71); statistical-section Schedule of Insurance Coverage (pdf pp. 120-121): public entity liability $5,000,000 excess of $3,000,000 SIR (Princeton Excess) plus $5,000,000 excess of $5,000,000 excess of $3,000,000 SIR (Allied World), i.e. $10,000,000 above the SIR; PL/PD payouts $808,680 FY2024","Under its insurance programs, the Agency retains the risk for each occurrence of personal liability and property damage (PL/PD) claimed up to $3 million.",ok,2026-10-08
40018,Transit Authority of River City (TARC),2024,self_insured_with_excess,Louisville Area Governmental Self-Insurance Trust (excess layer only),no,,,,https://app.fac.gov/dissemination/report/pdf/2024-06-GSAFAC-0000066223,"FAC single-audit package FY2024 (FYE 6/30/2024); Note on Self-Insurance, printed p. 19 (pdf p. 21); excess liability coverage through the Louisville Area Governmental Self-Insurance Trust above TARC's deductible, limited by Trust assets; uninsured liability claim payments $1,673,966 FY2024; deductible amounts not stated",TARC is self-insured for workers' compensation and liability claims up to varying deductible amounts per occurrence for workers' compensation and liability claims.,ok,2026-10-08
60007,Trinity Metro (Fort Worth Transportation Authority),2024,self_insured,Texas Municipal League Intergovernmental Risk Pool (E&O and property only); rail liability pooled program with two other authorities,no,,,,https://app.fac.gov/dissemination/report/pdf/2024-09-GSAFAC-0000355927,"FAC single-audit package FY2024 (FYE 9/30/2024); Risk Management note, pdf pp. 27-28; bus vehicle/general liability fully self-insured with no excess layer described (Texas Tort Claims Act caps apply but are not cited); TMLIRP covers E&O and property; rail liability pooled program $323 million; vehicle and general liability claim payments $242,044 FY2024","The Authority is fully self-insured for vehicle and general liability damage claims and for the first $750,000 of any workers’ compensation claims and carries excess workers’ compensation insurance for claims that exceed $750,000 per claim up to the statutory limit.",ok,2026-10-08
90029,Omnitrans,2024,pool,CalTIP (Association of California Public Transit Operators Joint Powers Insurance Authority),no,,,,https://app.fac.gov/dissemination/report/pdf/2024-06-GSAFAC-0000352492,"FAC single-audit package FY2024 (FYE 6/30/2024); Note 8 Risk Management and Self-Insurance Program, printed pp. 38-39 (pdf pp. 67-68); the $10,000,000 is stated as Omnitrans' self-insured layer within the CalTIP liability program (reads as the pooled layer; Omnitrans' own member retention is not separately stated); claims rollforward $2,607,328 paid FY2024 covers the fund's casualty/liability claims","Omnitrans is self-insured up to $10,000,000 per occurrence and has purchased re-insurance and excess insurance coverage.",ok,2026-10-08
70005,Kansas City Area Transportation Authority,2024,self_insured_with_excess,,no,,,,https://app.fac.gov/dissemination/report/pdf/2024-12-GSAFAC-0000374731,"FAC single-audit package FY2024 (CY2024); Note 9 Risk Management, printed pp. 57-58 (pdf pp. 59-60); umbrella policy above the retentions, limit not stated; commercial insurance for general liability; claims rollforward ($15,864,908 paid 2024) combines WC, vehicular liability and other self-insured claims","According to the Authority’s risk management program, it retains up to $600,000 per occurrence ($1,500,000 aggregate retention) for workers’ compensation and $2,000,000 per occurrence for vehicular liability.",ok,2026-10-08
00024,C-TRAN (Clark County PTBA),2024,pool,Washington State Transit Insurance Pool (WSTIP),no,,,,https://portal.sao.wa.gov/ReportSearch/Home/ViewReportFile?isFinding=false&sp=false&arn=1037618,"WA SAO Financial and Federal audit report FY2024 (CY2024); Note 6 Risk Management, pdf pp. 46-48; WSTIP bodily injury & property damage coverage $25 million per occurrence","Clark County PTBA has a $5,000 deductible for public official’s liability coverage and has no deductible for general and auto liability risks covered by WSTIP.",ok,2026-10-08
50010,METRO Regional Transit Authority (Akron),2024,pool,Ohio Transit Risk Pool (OTRP),no,,,,https://app.fac.gov/dissemination/report/pdf/2024-12-GSAFAC-0000373191,"FAC single-audit package FY2024 (CY2024); Note 8 Risk Management, pdf p. 76; member deductible $5,000 per liability claim, OTRP pool retention $2,000,000 per occurrence, limit $10,000,000 per occurrence; METRO contribution share 13.54%","For Auto Liability, General Liability, E&O and EBL the pool provided $10,000,000 per occurrence. For each of these lines the pool retained $2,000,000 per occurrence. METRO’s deductible for all liability claims was $5,000 for 2024.",ok,2026-10-08
90027,Fresno Area Express (City of Fresno),2023,self_insured_with_excess,,no,,,,https://app.fac.gov/dissemination/report/pdf/2023-06-GSAFAC-0000034057,"Parent government source: City of Fresno ACFR FY2023 (FYE 6/30/2023) inside the FAC single-audit package (FY2024 not on FAC as of 2026-10); Note 10 Risk Management Fund, pdf p. 158; citywide program, not FAX-specific; no liability-only claims rollforward in the note","The City maintains General Liability insurance, with limits of liability of $25 million per occurrence and $25 million aggregate in Excess Liability coverage. There is a $5 million self-insured retention (SIR).",ok,2026-10-08
50005,City of Madison Metro Transit,2023,pool,Transit Mutual Insurance Corporation of Wisconsin (TMI),no,,,,https://app.fac.gov/dissemination/report/pdf/2023-12-GSAFAC-0000058371,"Parent government source: City of Madison ACFR FY2023 inside the FAC single-audit package (FY2024 not on FAC as of 2026-10); Note IV.B Risk Management - Public Entity Risk Pool, printed pp. 176-178 (pdf pp. 185-187); transit auto liability policy $250,000 per person / $7,000,000 per accident (TMI insures $2,000,000, reinsures $5,000,000); no member retention stated; City's share of TMI 33.93%",The City insures its transit systems' auto liability with TMI and is an owner of the corporation.,ok,2026-10-08
60019,ABQ RIDE (City of Albuquerque Transit Department),2024,self_insured_with_excess,,no,,,,https://app.fac.gov/dissemination/report/pdf/2024-06-GSAFAC-0000350054,"Parent government source: City of Albuquerque ACFR FY2024 inside the FAC single-audit package; Note N Risk management, pdf pp. 115-116; citywide Risk Management Fund retention $1.05 million per tort liability claim with insurance and/or actuarially reviewed retention above; claims rollforward ($22,836,826 liquidated) is citywide all programs, not transit-specific","Under this program, the fund provides coverage for up to a maximum of $2.0 million for public safety employees, and $1.5 million for all other employees for each workers’ compensation incident, $1.05 million for each tort liability claim, and $50,000 for each City real and contents damage claim.",ok,2026-10-08
40003,Memphis Area Transit Authority,2024,self_insured_with_excess,,no,,,,https://app.fac.gov/dissemination/report/pdf/2024-06-GSAFAC-0000377397,"FAC single-audit package FY2024 (FYE 6/30/2024), MATA standalone statements (not the City of Memphis ACFR); Note 6 Risk Management (pdf p. 29) and Note 9 Insurance Risk (pdf p. 42); retention described only as 'a fairly high self-insured retention', no dollar amounts; no liability claims rollforward",MATA is also self-insured for property damage and personal liability claims up to specified limits under excess insurance coverage.,ok,2026-10-08
60006,Sun Metro (City of El Paso),2024,mixed,Texas Municipal League Intergovernmental Risk Pool (auto vehicle coverage),no,,,,https://app.fac.gov/dissemination/report/pdf/2024-08-GSAFAC-0000356237,"Parent government source: City of El Paso ACFR FY2024 (FYE 8/31/2024) inside the FAC single-audit package; Note 10.B Property, Casualty & Liability, Self-Insurance, and Bonds, printed p. 83 (pdf p. 135); transit fleet and liability (incl. streetcar) carried under third-party insurance while the City self-insures most general liability with a self-insurance retention; retention amounts not stated; claims rollforward is citywide WC/health","The third-party property insurance includes fine arts, building replacement, boiler and machinery, aircraft hull and liability, marine hull and liability, mass transit fleet and liability including railcar, and railroad property and liability.",ok,2026-10-08
50033,The Rapid (Interurban Transit Partnership),2024,commercial,,no,,,,https://app.fac.gov/dissemination/report/pdf/2024-09-GSAFAC-0000351684,"FAC single-audit package FY2024 (FYE 9/30/2024); Note 5 Risk Management, printed pp. 33-34 (pdf pp. 34-35); left the Michigan Transit Pool 12/1/2009; primary $5,000,000 plus excess $5,000,000 per occurrence; $50,000 deductible","ITP currently purchases commercial insurance for property and liability with coverage of $5,000,000 per occurrence with a $50,000 deductible and has excess coverage for an additional $5,000,000.",ok,2026-10-08
90031,Riverside Transit Agency,2024,self_insured_with_excess,,no,,,,https://app.fac.gov/dissemination/report/pdf/2024-06-GSAFAC-0000061312,"FAC single-audit package FY2024 (FYE 6/30/2024); Note 6 Insurance, printed pp. 28-29 (pdf pp. 31-32); stand-alone commercial policies above the SIR (general liability $1,000,000, vehicle liability $1,250,000 per claim); liability claim payments $529,129 FY2024","Beginning July 1, 2020, the SIR limit is $1,000,000 per claim for general liability and $1,250,000 per claim for vehicle related liability. The total coverage limit per claim is $25,000,000.",ok,2026-10-08
40028,LeeTran (Lee County),2023,self_insured_with_excess,,no,,,,https://app.fac.gov/dissemination/report/pdf/2023-09-GSAFAC-0000031343,"Parent government source: Lee County ACFR FY2023 (FYE 9/30/2023) inside the FAC single-audit package (FY2024 not on FAC as of 2026-10); Note IX Risk Management, printed p. 99 (pdf p. 107); countywide Self-Insured Retention program with annual loss fund limits, dollar retention not stated; countywide general liability claim payments $3,808 thousand FY2023 (not LeeTran-specific)",The County purchases commercial insurance for claims in excess of coverage provided by the fund and for all other risks of loss.,ok,2026-10-08
20018,Centro (Central New York Regional Transportation Authority),2024,self_insured,,no,,,,https://app.fac.gov/dissemination/report/pdf/2024-03-GSAFAC-0000050145,"FAC single-audit package FY2024 (FYE 3/31/2024); Note 6 Estimated Claims Payable and Self-Insurance Reserve, pdf p. 32; auto liability retention $1,500,000 and general liability $1,000,000 per occurrence; excess coverage above these not described in the note; claims rollforward ($9,559,925 paid) combines liability and self-insured health","The Authority is self-insured for individual, personal injury and property damage claims up to $1,500,000 for automobile liability and $1,000,000 for general liability for any one occurrence.",ok,2026-10-08
00020,Kitsap Transit (Kitsap County PTBA),2024,pool,Washington State Transit Insurance Pool (WSTIP),no,,,,https://portal.sao.wa.gov/ReportSearch/Home/ViewReportFile?isFinding=false&sp=false&arn=1038207,"WA SAO Financial and Federal audit report FY2024 (CY2024); Note 5 Risk Management, pdf pp. 51-53; bus comprehensive liability $25,000,000/occurrence with pool SIR $1,500,000 and no agency deductible; passenger-ferry liability is commercially insured (P&I $1 billion, $50,000 deductible)","WSTIP pools its member’s premium contributions to purchase insurance and self-insure against property and liability losses and jointly contract to provide risk management, claims handling and administrative services.",ok,2026-10-08
10055,CTtransit New Haven (CTDOT),2024,unknown,,unclear,,,,https://osc.ct.gov/wp-content/uploads/2025/03/State-of-Connecticut-ACFR-FY-24-3-26-25.pdf,"Parent government source: State of Connecticut ACFR FY2024 (CTtransit is state-owned and operated under CTDOT service contracts; no separate CTtransit audit located); Note 18 Risk Management, printed p. 98 (pdf p. 98); the note is statewide and does not describe bus-operation liability financing, so the CTtransit structure is unclear from this source (highest state SIR cited is $25.0 million on a railroad liability policy)","For the general liability risk, the State is self-insured because it has sovereign immunity.",ok,2026-10-08
20075,PATCO (Delaware River Port Authority),2024,self_insured_with_excess,,no,,,,https://app.fac.gov/dissemination/report/pdf/2024-12-GSAFAC-0000374990,"FAC single-audit package FY2024 (CY2024), DRPA combined statements (PATCO is a component); Note 14 Contingencies, printed pp. 71-72 (pdf pp. 75-76); claims and judgments payments $1,102 thousand in 2024 (DRPA-wide public liability, dollars in thousands)","Public liability claim exposures are self-insured by the Authority within its self-insured retention limit of $5 million for each occurrence, after which, exists a claims-made excess liability policy with a limit of $25 million per occurrence, and in the aggregate",ok,2026-10-08
70002,Metro Transit (Regional Metropolitan Transit Authority of Omaha),2024,self_insured_with_excess,,no,,,,https://app.fac.gov/dissemination/report/pdf/2024-12-GSAFAC-0000367171,"FAC single-audit package FY2024 (CY2024); Note 8 Risk Management, printed pp. 44-45 (pdf pp. 46-47); public transportation liability retention $500,000 per occurrence, $5,000,000 excess; Nebraska Political Subdivisions Tort Claims Act caps $1,000,000 per person / $5,000,000 per occurrence; claims rollforward ($9,664,913 paid) combines WC, property, liability and health","Public transportation above self-insured limits is covered by a policy which provides $5,000,000 limits above the Transit Authority's retention of $500,000 per occurrence.",ok,2026-10-08
70010,DART (Des Moines Area Regional Transit Authority),2024,pool,Iowa Communities Assurance Pool (ICAP),no,,,,https://app.fac.gov/dissemination/report/pdf/2024-06-GSAFAC-0000351270,"FAC single-audit package FY2024 (FYE 6/30/2024); Note 9 Risk Management, printed pp. 32-33 (pdf pp. 37-38); DART joined ICAP in FY2016 (previously self-insured); deductible amounts and limits not stated; general liability reserve $256,040 at 6/30/2024","Specifically, risk coverage provided by ICAP for its members include auto liability, general liability, law enforcement liability, public official's liability, excess liability, vehicles, property, equipment breakdown and crime.",ok,2026-10-08
50036,"CATA (Capital Area Transportation Authority, Lansing)",2024,unknown,,unclear,,,,https://app.fac.gov/dissemination/report/pdf/2024-09-GSAFAC-0000358602,"FAC single-audit package FY2024 (FYE 9/30/2024); Note 5 Risk Management (pdf p. 26) describes only the workers' compensation program (excess above $500,000 per claim); liability financing is not described beyond the vehicle-liability reserve sentence in Note 9 Contingent Liabilities (pdf p. 37); the 'Casualty and liability costs' line in the supplementary schedule is $1,253,491","A provision for vehicle claims that existed at September 30, 2024 is recorded as a reserve for vehicle liability claims, as estimated by management, on the statement of net position.",ok,2026-10-08
30206,rabbittransit (Susquehanna Regional Transportation Authority),2024,pool,"SAFTI Property & Liability Pool (State Association for Transportation Insurance, PA)",no,,,,https://app.fac.gov/dissemination/report/pdf/2024-06-GSAFAC-0000065275,"FAC single-audit package FY2024 (FYE 6/30/2024), SRTA statements (sister entity Central Pennsylvania Transportation Authority files separately, 2024-06-GSAFAC-0000064982); Note 15 Risk Management, pdf p. 26; SAFTI P&L pool premiums $557,579 FY2024; no member retention or limits stated","The Authority pays annual premiums to the SAFTI Property & Liability Pool for its property, general liability, automobile liability, automobile physical damage, crime and boiler and machinery, and public officials' errors and omissions insurance coverage.",ok,2026-10-08
90009,SamTrans (San Mateo County Transit District),2024,self_insured_with_excess,,no,,,,https://app.fac.gov/dissemination/report/pdf/2024-06-GSAFAC-0000350651,"FAC single-audit package FY2024 (FYE 6/30/2024), contains the ACFR; Note 11 Risk Management, printed pp. 53-54 (pdf pp. 87-88); table (in thousands): General Liability and Auto Liability SIR $3,000 per occurrence, excess $99,000 per occurrence/annual aggregate; claims rollforward ($4,901K paid) combines public liability, property damage and WC","The District is self-insured for a portion of its public liability, property damage and workers’ compensation liability.",ok,2026-10-08
50117,Laketran,2024,pool,Ohio Transit Risk Pool (OTRP),no,,,,https://app.fac.gov/dissemination/report/pdf/2024-12-GSAFAC-0000373087,"FAC single-audit package FY2024 (CY2024); Note 9 Risk Management, printed pp. 42-43 (pdf pp. 62-63); Laketran deductible $1,000 per claim, OTRP pool retention $2,000,000, limit $10,000,000 per occurrence","The following coverages were also provided: auto/transit liability, general liability, E&O, and EBL $10,000,000. These limits are per occurrence no aggregate limits apply. For each of these lines the pool retained $2,000,000.",ok,2026-10-08
90004,Golden Empire Transit District,2024,pool,CalTIP (California Transit Systems Joint Powers Authority),no,,,,https://app.fac.gov/dissemination/report/pdf/2024-06-GSAFAC-0000064061,"FAC single-audit package FY2024 (FYE 6/30/2024); Note 12 Risk Management, printed pp. 28-29 (pdf pp. 30-31); CalTIP layer $250,000-$10,000,000, CalTIP-purchased excess to $15 million per occurrence","The District is self-insured for public liability and property damage up to $250,000 per occurrence.",ok,2026-10-08
90008,Big Blue Bus (City of Santa Monica),2024,self_insured_with_excess,Authority for California Cities Excess Liability (ACCEL) - excess layer only,no,,,,https://app.fac.gov/dissemination/report/pdf/2024-06-GSAFAC-0000362106,"Parent government source: City of Santa Monica ACFR FY2024 (FYE 6/30/2024) inside the FAC single-audit package; Note 9 Self-Insurance, printed pp. 58-59 (pdf pp. 104-105); the City keeps a separate Self-Insurance Bus Liability internal service fund; the claims rollforward table on printed p. 59 is an image with no text layer","The City retains self-insurance up to $1,000,000 for general liability, automobile liability, and bus operations liability.",ok,2026-10-08
60017,EMBARK (Central Oklahoma Transportation and Parking Authority),2024,self_insured_with_excess,,no,,,,https://www.okc.gov/files/assets/city/v/1/finance/documents/afrs/copta-afrs/cotpa-final-web-2024.pdf,"COTPA standalone Annual Financial Report FY2024 posted on okc.gov (PDF not saved: host blocks curl; text extracted in the browser pane with pdf.js); Note I.D.13 Risk Management, printed p. 27 (pdf p. 35); above the $75,000 retention, liability is carried through the City of Oklahoma City Risk Management Fund / Oklahoma City Municipal Facilities Authority, which assumes the risk of loss (city-level program, not commercial excess); no claims rollforward in the note","The Authority is self-insured for liability related to accidents involving their transportation equipment up to $75,000 per incident.",ok,2026-10-08
60018,Tulsa Transit (Metropolitan Tulsa Transit Authority),2024,unknown,,unclear,,,,https://www.cityoftulsa.org/media/26838/2024-ac-financial-report.pdf,"Parent government source only: City of Tulsa ACFR FY2024 (FYE 6/30/2024), Note 8 Risk Management, printed p. 84 (pdf p. 84), which covers the primary government and does not describe MTTA (a discretely presented public-trust component unit); MTTA's own audited statements were not located (tulsatransit.org and metrolinktulsa.org unreachable; no FAC record under Metropolitan Tulsa Transit Authority)",The City purchases commercial insurance for general liability and property damage as well as employee health and dental.,note_not_found,2026-10-08
30202,South Central Transit Authority (PA),2024,pool,"SAFTI Property & Liability Pool (State Association for Transportation Insurance, PA)",no,,,,https://app.fac.gov/dissemination/report/pdf/2024-06-GSAFAC-0000065632,"FAC single-audit package FY2024 (FYE 6/30/2024); Note 16 Risk Management, pdf p. 46; no member retention or limits stated","The Authority pays annual premiums to the SAFTI Property & Liability Pool for its property; general liability; automobile liability; automobile physical damage; crime, boiler, and machinery; and public officials' errors and omissions insurance coverage.",ok,2026-10-08
40032,VOTRAN (Volusia County),2024,self_insured_with_excess,,no,,,,https://app.fac.gov/dissemination/report/pdf/2024-09-GSAFAC-0000360955,"Parent government source: County of Volusia ACFR FY2024 inside the FAC single-audit package; Note on Self-Insurance Programs - Insurance Fund, pdf p. 193; countywide SIR $500,000 per liability claim, primary excess $2,000,000 per occurrence per line plus secondary excess $3,000,000 per occurrence ($5,000,000 combined); not Votran-specific","The County has secured commercial insurance to cover specific claims for workers’ compensation and general, automobile, law enforcement and public official liability claims for incidents that exceed the self-insured retention.",ok,2026-10-08
30010,LANTA (Lehigh and Northampton Transportation Authority),2024,pool,"SAFTI Property & Liability Pool (State Association for Transportation Insurance, PA)",no,,,,https://app.fac.gov/dissemination/report/pdf/2024-06-GSAFAC-0000067597,"FAC single-audit package FY2024 (FYE 6/30/2024); Note 17 Risk Management, printed pp. 35-36 (pdf pp. 38-39); SAFTI P&L pool premiums $813,524 FY2024; no member retention or limits stated","The Authority pays annual premiums to the SAFTI Property & Liability Pool for its property; general liability; automobile liability; automobile physical damage; crime, boiler, and machinery; and public officials' errors and omissions insurance coverage.",ok,2026-10-08
