cls,muni_code,entity_name,county,population,total_exp,ins_premium,judgments,claims_liability,priority,fiscal_year,pdf_url,status,notes
county,280100000000,County of Nassau,Nassau,1392438.0,4486674000.0,0.0,86771000.0,909404000.0,M1,,,,
county,470100000000,County of Suffolk,Suffolk,1535909.0,4217154809.0,46442768.0,199750.0,547385972.0,M1,,,,
county,550100000000,County of Westchester,Westchester,1006447.0,3446377974.0,1800000.0,13699019.0,120189933.0,M1,,,,
county,140100000000,County of Erie,Erie,950602.0,2661283550.0,0.0,0.0,0.0,M1,,,,
county,260100000000,County of Monroe,Monroe,752202.0,2340437298.0,0.0,11466693.0,0.0,M1,,,,
county,310100000000,County of Onondaga,Onondaga,469812.0,1444994021.0,0.0,13519188.0,73252421.0,M1,,,,
county,330100000000,County of Orange,Orange,411767.0,1098090123.0,0.0,8773223.0,0.0,M1,,,,
county,010100000000,County of Albany,Albany,319964.0,814553756.0,0.0,3129989.0,430314.0,M1,,,,
county,390100000000,County of Rockland,Rockland,348144.0,809448808.0,0.0,2547874.0,9217986.0,M1,,,,
county,130100000000,County of Dutchess,Dutchess,299963.0,645160170.0,1857832.0,0.0,33529113.0,M1,,,,
county,030100000000,County of Broome,Broome,196397.0,624271734.0,0.0,3404793.0,3708535.0,M1,,,,
county,300100000000,County of Oneida,Oneida,228347.0,569676544.0,211418.0,1047797.0,12720.0,M1,,,,
county,290100000000,County of Niagara,Niagara,209570.0,504916927.0,1709933.0,2360707.0,0.0,M1,,,,
county,510100000000,County of Ulster,Ulster,182977.0,463297094.0,2708827.0,0.0,1540000.0,M1,,,,
county,420100000000,County of Schenectady,Schenectady,162261.0,454383044.0,1743188.0,0.0,3518594.0,M1,,,,
county,410100000000,County of Saratoga,Saratoga,240360.0,451632732.0,1476812.0,142226.0,6776771.0,M1,,,,
county,380100000000,County of Rensselaer,Rensselaer,160749.0,404769151.0,522036.0,41829.0,0.0,M1,,,,
county,060100000000,County of Chautauqua,Chautauqua,124105.0,393648103.0,1730.0,23374007.0,0.0,M1,,,,
county,070100000000,County of Chemung,Chemung,81115.0,377315440.0,0.0,519364.0,292674.0,M1,,,,
county,220100000000,County of Jefferson,Jefferson,113140.0,293436492.0,879198.0,407376.0,1773637.0,M1,,,,
county,040100000000,County of Cattaraugus,Cattaraugus,75475.0,291981311.0,834799.0,24138575.0,0.0,M1,,,,
county,480100000000,County of Sullivan,Sullivan,80450.0,289193255.0,1431476.0,38061.0,257329.0,M1,,,,
county,320100000000,County of Ontario,Ontario,113012.0,288221714.0,0.0,261537.0,5764307.0,M1,,,,
county,400100000000,County of St. Lawrence,St. Lawrence,106198.0,278165732.0,0.0,249996.0,0.0,M1,,,,
county,350100000000,County of Oswego,Oswego,118305.0,272331111.0,1646679.0,24095.0,72178.0,M1,,,,
county,500100000000,County of Tompkins,Tompkins,105602.0,265220716.0,331476.0,756239.0,0.0,M1,,,,
county,460100000000,County of Steuben,Steuben,92015.0,264574577.0,0.0,576517.0,6630052.0,M1,,,,
county,540100000000,County of Wayne,Wayne,90757.0,245675960.0,511725.0,132819.0,0.0,M1,,,,
county,090100000000,County of Clinton,Clinton,77871.0,238560309.0,550487.0,457686.0,0.0,M1,,,,
county,370100000000,County of Putnam,Putnam,98409.0,229836022.0,1047371.0,694939.0,0.0,M1,,,,
county,050100000000,County of Cayuga,Cayuga,74567.0,220658620.0,607064.0,320931.0,0.0,M1,,,,
county,230100000000,County of Lewis,Lewis,26570.0,215008079.0,150339.0,0.0,76172.0,M1,,,,
county,520100000000,County of Warren,Warren,65288.0,209014123.0,246535.0,0.0,0.0,M1,,,,
county,240100000000,County of Livingston,Livingston,61561.0,202669351.0,960205.0,13848279.0,15200.0,M1,,,,
county,250100000000,County of Madison,Madison,67072.0,201237543.0,7168.0,10726732.0,0.0,M1,,,,
county,560100000000,County of Wyoming,Wyoming,39588.0,189582778.0,12157.0,0.0,0.0,M1,,,,
county,100100000000,County of Columbia,Columbia,60299.0,181982088.0,100760.0,0.0,0.0,M1,,,,
county,180100000000,County of Genesee,Genesee,57604.0,179001297.0,476985.0,165485.0,2243754.0,M1,,,,
county,110100000000,County of Cortland,Cortland,45945.0,163947529.0,0.0,0.0,0.0,M1,,,,
county,530100000000,County of Washington,Washington,59839.0,152222313.0,471718.0,26436.0,1909753.0,M1,,,,
county,210100000000,County of Herkimer,Herkimer,59585.0,151300047.0,0.0,70231.0,1450000.0,M1,,,,
county,270100000000,County of Montgomery,Montgomery,49648.0,150961004.0,922023.0,0.0,0.0,M1,,,,
county,190100000000,County of Greene,Greene,46903.0,139438817.0,0.0,118292.0,442914.0,M1,,,,
county,080100000000,County of Chenango,Chenango,45776.0,133859311.0,0.0,64771.0,1500000.0,M1,,,,
county,150100000000,County of Essex,Essex,36744.0,131681120.0,10524.0,28473.0,0.0,M1,,,,
county,020100000000,County of Allegany,Allegany,47299.0,129523477.0,454812.0,366953.0,0.0,M1,,,,
county,360100000000,County of Otsego,Otsego,60524.0,128707737.0,529226.0,0.0,0.0,M1,,,,
county,160100000000,County of Franklin,Franklin,47086.0,127017927.0,410117.0,0.0,0.0,M1,,,,
county,120100000000,County of Delaware,Delaware,44191.0,126230386.0,795042.0,64896.0,13426092.0,M1,,,,
county,340100000000,County of Orleans,Orleans,39686.0,124847125.0,25330.0,0.0,0.0,M1,,,,
county,170100000000,County of Fulton,Fulton,52073.0,121860092.0,114692.0,0.0,0.0,M1,,,,
county,450100000000,County of Seneca,Seneca,32650.0,107852252.0,0.0,0.0,4261274.0,M1,,,,
county,430100000000,County of Schoharie,Schoharie,30151.0,103010191.0,952859.0,7760.0,0.0,M1,,,,
county,490100000000,County of Tioga,Tioga,47574.0,96071670.0,1075636.0,0.0,0.0,M1,,,,
county,570100000000,County of Yates,Yates,24387.0,76314889.0,107484.0,0.0,0.0,M1,,,,
county,440100000000,County of Schuyler,Schuyler,17121.0,57171179.0,425794.0,0.0,0.0,M1,,,,
county,200100000000,County of Hamilton,Hamilton,5082.0,24875380.0,220920.0,506.0,0.0,M1,,,,
city,260248000000,City of Rochester,Monroe,207282.0,804615111.0,1667900.0,4765854.0,17842295.0,M1,,,,
city,550262000000,City of Yonkers,Westchester,211040.0,803516657.0,0.0,15007940.0,71399000.0,M1,,,,
city,140207000000,City of Buffalo,Erie,276617.0,765387031.0,0.0,47267244.0,32418229.0,M1,,,,
city,550233000000,City of New Rochelle,Westchester,85512.0,527533546.0,0.0,4367978.0,20287434.0,M1,,,,
city,550261000000,City of White Plains,Westchester,62561.0,471775516.0,3381439.0,0.0,21131100.0,M1,,,,
city,310255000000,City of Syracuse,Onondaga,146097.0,414243020.0,89096.0,624924.0,22218990.0,M1,,,,
city,010201000000,City of Albany,Albany,101317.0,265419782.0,600511.0,1239198.0,24569172.0,M1,,,,
city,420253000000,City of Schenectady,Schenectady,69495.0,189399312.0,1799672.0,88009.0,19857354.0,M1,,,,
city,290235000000,City of Niagara Falls,Niagara,47512.0,188110789.0,0.0,1126818.0,7919226.0,M1,,,,
city,280216000000,City of Glen Cove,Nassau,28088.0,160207181.0,636903.0,676572.0,1072891.0,M1,,,,
city,380257000000,City of Troy,Rensselaer,51065.0,153694082.0,811474.0,948972.0,0.0,M1,,,,
city,300258000000,City of Utica,Oneida,63660.0,145219248.0,500309.0,203372.0,0.0,M1,,,,
city,300249000000,City of Rome,Oneida,31990.0,135802552.0,674075.0,75725.0,3948204.0,M1,,,,
city,280228000000,City of Long Beach,Nassau,34777.0,134347669.0,4644748.0,859243.0,14829534.0,M1,,,,
city,030206000000,City of Binghamton,Broome,46773.0,131790868.0,971108.0,342265.0,0.0,M1,,,,
city,550243000000,City of Peekskill,Westchester,25757.0,126731914.0,939723.0,13552.0,0.0,M1,,,,
city,060222000000,City of Jamestown,Chautauqua,27699.0,101041366.0,418202.0,42206.0,0.0,M1,,,,
city,330232000000,City of Newburgh,Orange,28181.0,100561106.0,0.0,275979.0,2434203.0,M1,,,,
city,050203000000,City of Auburn,Cayuga,25963.0,96288811.0,742928.0,175746.0,2447313.0,M1,,,,
city,510224000000,City of Kingston,Ulster,23748.0,96032424.0,1277066.0,280800.0,0.0,M1,,,,
town,280338600000,Town of Hempstead,Nassau,792341.0,3772906221.0,1034385.0,1393364.0,49641618.0,M2,,,,
town,470342100000,Town of Islip,Suffolk,339170.0,2296449537.0,2040132.0,4203072.0,16791856.0,M2,,,,
town,280363400000,Town of Oyster Bay,Nassau,299540.0,1985779177.0,4877095.0,0.0,25505856.0,M2,,,,
town,470309600000,Town of Brookhaven,Suffolk,492759.0,1766175108.0,2600931.0,10210.0,26100819.0,M2,,,,
town,280359700000,Town of North Hempstead,Nassau,237692.0,1461689410.0,3674768.0,176.0,6011652.0,M2,,,,
town,470341100000,Town of Huntington,Suffolk,204706.0,1305238618.0,1089170.0,325629.0,18485143.0,M2,,,,
town,470378000000,Town of Smithtown,Suffolk,116228.0,673675092.0,106649.0,0.0,2910018.0,M2,,,,
town,390369800000,Town of Ramapo,Rockland,156774.0,478968906.0,1003028.0,360370.0,11997847.0,M2,,,,
town,470325000000,Town of East Hampton,Suffolk,29090.0,416175125.0,1030735.0,28467.0,0.0,M2,,,,
town,390361500000,Town of Orangetown,Rockland,49193.0,327638083.0,1337544.0,744795.0,3910177.0,M2,,,,
town,550355600000,Town of Mount Pleasant,Westchester,45052.0,320409528.0,818195.0,65055.0,0.0,M2,,,,
town,550393200000,Town of Yorktown,Westchester,35735.0,243641168.0,282331.0,354055.0,0.0,M2,,,,
town,470378700000,Town of Southampton,Suffolk,70646.0,235041872.0,1486139.0,248334.0,1900000.0,M2,,,,
town,550320300000,Town of Cortlandt,Westchester,41763.0,234328725.0,251097.0,55596.0,291521.0,M2,,,,
town,140301900000,Town of Amherst,Erie,130862.0,224424931.0,6851.0,3181639.0,0.0,M2,,,,
town,470304600000,Town of Babylon,Suffolk,218566.0,209434255.0,2555091.0,0.0,12329824.0,M2,,,,
town,470379000000,Town of Southold,Suffolk,24083.0,205493727.0,846706.0,78799.0,275000.0,M2,,,,
town,260388500000,Town of Webster,Monroe,45343.0,202367957.0,411430.0,6073.0,0.0,M2,,,,
town,390316700000,Town of Clarkstown,Rockland,87715.0,187671142.0,2735907.0,8959829.0,12390049.0,M2,,,,
town,550305700000,Town of Bedford,Westchester,16659.0,181411263.0,558135.0,12530.0,0.0,M2,,,,
town,370312900000,Town of Carmel,Putnam,33992.0,179324730.0,309861.0,17730.0,0.0,M2,,,,
town,260365000000,Town of Perinton,Monroe,46902.0,173590087.0,282686.0,0.0,0.0,M2,,,,
town,260341900000,Town of Irondequoit,Monroe,50380.0,169618660.0,461592.0,20830.0,0.0,M2,,,,
town,310317000000,Town of Clay,Onondaga,59763.0,167028958.0,235948.0,58747.0,0.0,M2,,,,
town,550334200000,Town of Greenburgh,Westchester,93955.0,152965073.0,1163558.0,317047.0,7606440.0,M2,,,,
town,260338800000,Town of Henrietta,Monroe,49450.0,151277308.0,338945.0,0.0,0.0,M2,,,,
town,260364900000,Town of Penfield,Monroe,38705.0,145051444.0,235280.0,0.0,0.0,M2,,,,
town,260366900000,Town of Pittsford,Monroe,30459.0,140390669.0,267559.0,570.0,0.0,M2,,,,
town,010318700000,Town of Colonie,Albany,86531.0,138538658.0,1527259.0,1029018.0,118342.0,M2,,,,
town,260309200000,Town of Brighton,Monroe,36618.0,138029847.0,403994.0,51365.0,0.0,M2,,,,
village,550475104450,Village of Scarsdale,Westchester,18036.0,281871538.0,302000.0,54860.0,2555169.0,M2,,,,
village,550437702165,Village of Harrison,Westchester,31321.0,185843159.0,0.0,492368.0,4515241.0,M2,,,,
village,280438601850,Village of Freeport,Nassau,44028.0,125071279.0,860516.0,1470964.0,5787593.0,M2,,,,
village,280438602210,Village of Hempstead,Nassau,59569.0,104547402.0,0.0,2265975.0,0.0,M2,,,,
village,280438604250,Village of Rockville Centre,Nassau,25718.0,96577000.0,800000.0,1705523.0,9373963.0,M2,,,,
village,280438601910,Village of Garden City,Nassau,22993.0,87192840.0,3963000.0,1405730.0,0.0,M2,,,,
village,550462203680,Village of Ossining,Westchester,26895.0,73898333.0,1849898.0,141327.0,2855550.0,M2,,,,
village,550450302890,Village of Mamaroneck,Westchester,19783.0,56900385.0,1505960.0,500000.0,453955.0,M2,,,,
village,550473404020,Village of Port Chester,Westchester,30957.0,53534216.0,927100.0,316730.0,745358.0,M2,,,,
village,280438605030,Village of Valley Stream,Nassau,40232.0,49326870.0,890257.0,701104.0,2742303.0,M2,,,,
