entity_name,fund,acct,mean_annual_amount,coding,liability_share,what_it_pays,quote,source,confidence,notes
City of Binghamton,MS,1910,341146,liability,1,Unallocated insurance (purchased coverage) inside the general-liability self-insurance ISF,"Effective June 1, 1985, the City became self-insured for general liability exposure. A self-insurance fund was established as an internal service fund to administer the City’s insurance program for general liability for all City departments and funds.","city_binghamton_2024.txt L2886-2888 (Note 11, printed p.52)",medium,Not itemized in the statements. Year pattern supports liability: MS1910 already ran in 2013 when the MS fund held only 1910/1930 (the GL fund); WC entered the fund as MS9040 in 2014 with no step in MS1910. WC premiums for operating funds sit in A9040/FX9040/G9040. I am uncertain whether any WC excess premium is charged here.
City of Binghamton,MS,1930,663649,liability,1,General-liability claims paid from the GL self-insurance ISF,"The City assumes the liability for most risk including, but not limited to, property damage and personal injury liability.",city_binghamton_2024.txt L1994-1995 (Note 1.L); ISF statement L1470,medium,"ISF FY2024 shows WC claims as a separate expense ($1,113,986) and OSC books WC to MS9040, so MS1930 is the GL side by elimination; no statement figure equals MS1930 directly. 2022 spike ($3.07M) not explained in the 2024 statements."
City of Jamestown,MS,1930,9556,unknown,,One $95.6K judgments-and-claims payment in FY2015 from an otherwise dormant MS fund,The City’s General Fund accounts for the premium as well as the expenditures and liabilities of the plan.,"city_jamestown_2024.txt L2570-2571 (Note 9, printed p.50)",low,"I am uncertain. The 2024 statements contain no internal service or self-insurance fund (the quote is about the self-insured health plan, carried in the General Fund). OSC shows the MS fund only in 2008 (a transfer) and 2015 (this payment). Immaterial (~$10K/yr mean)."
City of Long Beach,MS,1910,1622034,mixed,,Risk Retention Fund 'administrative costs'; most likely the workers' comp group self-insurance program premium,"The City established a risk retention fund, which is an internal service fund, to account for the general liability and workers' compensation claims activity.","city_long_beach_2024.txt L3423-3424 (Note 6, printed p.68); ISF statement L1276",medium,"FY2024 MS1910 $2,135K + MS1710 $4K = ISF 'Administrative costs' $2,139,029. Lean benefit: MS9040 (WC) ran $2.4-3.4M/yr through FY2017, $0.48M FY2018, zero from FY2019, the year MS1910 first appears at $3.1M; the City buys WC through a group self-insured program since 2007 (L3415); FY2024 ISF charged funds $2,519,837 for WC against only $380,808 of WC claims. Not documented as WC, so coded mixed. I am uncertain."
City of Long Beach,MS,1930,555159,liability,1,General-liability claim payments from the Risk Retention Fund,"During this reporting period the City was self-insured for the first $500,000 per general liability including law enforcement liability occurrences","city_long_beach_2024.txt L3434-3436; GL rollforward L3451 (Note 6, printed p.69)",high,"FY2024 (FYE 6/30) MS1930 $483K = GL 'Payments of claims' $482,682; WC claims ($380,807) are booked to MS9055. FY2023 MS1930 $453K vs GL payments $217,542 does not match. Line records payments, not the GL accrual swings (GL unpaid claims $87.4M at 7/1/2022, released in FY2023)."
City of New Rochelle,MS,1930,1104728,mixed,0.91,"Judgments and claims of the General Liability Claims Fund, plus (FY2024 only) WC fund judgments",The deductible provisions are being funded through the General Liability Internal Service Fund.,city_new_rochelle_2024.txt L3532-3533 (Note 14c); GL fund L5415; WC fund L5321,medium,"FY2024 MS1930 $4,368K = GL fund J&C $3,396,898 + WC fund J&C $971,080 (liability share 0.778). FY2023 MS1930 $844K = GL fund J&C $844,478 (share 1.0; WC fund J&C was $0). 0.91 is the 10-yr share assuming FY2015-2022 were all GL, which I am uncertain about. WC benefits otherwise run on MS9040. The GL fund's purchased insurance ($2,535,003 FY2024) sits on MS1722, outside the outcome."
City of Newburgh,MS,1930,565098,liability,1,"Property/liability self-insurance claims (self-insurance fund M, folded into the General Fund in the audit)",The City became self-insured for property/liability loss exposures in October 1978 and worker’s compensation in December 1979.,"city_newburgh_2024.txt L4178-4179 (Note 4.A, printed p.58); claims table L3883; fund note L908",medium,"WC claims paid equal MS9040 exactly ($1,449,000 FY2024; $1,473,550 FY2023), so MS1930 is the property/liability side. MS1930 ($276K; $504K) is below GL claims paid ($796,832; $1,005,788); part of GL cost may be in MS1710 admin. Excess property/liability premiums sit on MS1722 (~$0.5M/yr mean), outside the outcome."
City of Niagara Falls,MS,1910,160528,unknown,,Unallocated insurance in a pre-2019 MS fund (FY2013-2016 only),"The Self Insurance Fund was created in 2019, and is used to account for all self-insurance activities maintained by the City.",city_niagara_falls_2024.txt L729-730 (MD&A),low,"I am uncertain. The 2024 statements do not describe the MS fund that carried this line. A1910 appears in FY2017-2018 ($1.24M, $0.85M) right after MS1910 ends, which suggests the same premium moved to the General Fund; lean liability (excess GL above $1M retention) but undocumented. No 1910 line exists anywhere after FY2018."
City of Niagara Falls,MS,1930,687023,liability,1,Claims and judgments (tort/general liability) paid from the Self Insurance Fund,"Total expenditures for claims and judgments recorded in the City’s governmental funds for the year ended December 31, 2024 was $1,126,818.","city_niagara_falls_2024.txt L2801-2802 (Note 5, printed p.62)",high,"$1,126,818 = MS1930 $1,106K + MS1931 $20K for FY2024. The Self Insurance Fund also carries health, dental and WC (L729-731), but OSC books those to MS1710 ($19-23M/yr) and the note reports WC and health payments separately."
City of Niagara Falls,MS,1931,27020,liability,1,"Property losses paid from the Self Insurance Fund (property/casualty, in outcome scope)","Total expenditures for claims and judgments recorded in the City’s governmental funds for the year ended December 31, 2024 was $1,126,818.","city_niagara_falls_2024.txt L2801-2802 (Note 5, printed p.62)",medium,"Coded liability = property/casualty. Included in the $1,126,818 claims-and-judgments total with MS1930."
City of Rochester,MS,1930,6232912,liability,1,General and property liability claims paid from the Claims Settlement internal service fund,General liability and property liability claims are funded from contributions made to a Claims Settlement Internal Service Fund.,"city_rochester_2024.txt L3502-3503 (Note IV.A, printed p.87-88); rollforward L3519",high,"MS1930 equals GL payments exactly: FY2024 (FYE 6/30) $4,666K and FY2023 $12,046K. WC is funded from the General, Special Revenue and Enterprise funds."
City of White Plains,MS,1910,3040234,mixed,0.37,"Self Insurance Fund direct costs other than WC claims: GL/auto claims paid, all purchased premiums, administration","The City self-insures its general liability and automobile liability and purchases an excess umbrella liability insurance policy ($1,000,000 self-insured retention).","city_white_plains_2024.txt L4451-4453 (Note 4.A, printed p.85); rollforward L4185; SIF statement L2428",medium,"SIF FY2024 (FYE 6/30) direct costs $6,995,239 = MS9040 $3,589K (= WC claims paid $3,588,615) + MS1910 $3,381K. GL claims paid ($1,252,367 FY2024; $1,122,560 FY2023) are 37% / 42% of MS1910; 0.37 is a documented FLOOR, not a point estimate. The rest is premiums (property, umbrella, POL/EPL, crime, but also WC excess and employer's liability) and admin, not split. I am uncertain about the remainder."
County of Albany,MS,1930,772599,unknown,,Judgments and claims in the County's single risk-management ISF (lean: deductibles on the all-risk policy),"The County uses the Internal Service Fund to account for its risk management activities. The County is self-insured for certain risks, including workers’ compensation and unemployment benefits.","albany_2024.txt L1870-1872 (Note 1, printed p.34)",low,"I am uncertain. The note never says the ISF pays liability deductibles. Lean liability: OSC books WC to MS9040 and unemployment to MS9050, and the fund also carries MS1931 property loss and MS2680 insurance recoveries; but the ACFR's single claims rollforward (payments $5,852,518 = total ISF expenses) does not split by risk. A1930 in FY2014-2016 nearly mirrors MS1930 (FY2014 identical, $239K), a possible double count in those years."
County of Albany,MS,1931,593705,liability,1,"Property losses in the risk-management ISF (property/casualty, in outcome scope)","The County has purchased an insurance policy for all risks (excluding workers’ compensation), which includes a cash deductible with varying amounts per occurrence and in the aggregate per claim year.","albany_2024.txt L3312-3315 (Note 13, printed p.61)",medium,Coded liability = property/casualty: the OSC account is Property Loss and the fund books insurance recoveries ($0.3-1.3M/yr). Not WC or health. Statements do not itemize.
County of Allegany,MS,1930,197658,liability,1,General-liability claims in the combined ISFs (Self-Insurance / Risk Retention funds),"County uses the internal service funds to account for and finance risks for workers’ compensation, health insurance and general liability.","allegany_2024.txt L2773-2775 (Note 12, printed p.52)",medium,"By elimination: WC benefits on MS1720 equal the ISF claim payments ($409,667 FY2024 vs $410K; $413,602 FY2023 vs $414K); health is MS9060. No statement figure equals MS1930 directly."
County of Broome,MS,1930,1520887,liability,1,Insurance Reserve ISF: self-insured casualty and liability claims and expenses,Insurance Reserve - Used to account for the financial transactions of the operation of the County's portion of self-insured casualty and liability claims.,broome_2024.txt L5283-5284; combining statement L5364,high,"FY2024 Insurance Reserve 'Insurance claim and expenses' $3,347,025 = MS1930 $3,350K. Health ($59.5M) and WC ($2.8M) are separate ISF columns and separate OSC lines (MS9060, MS9040). The line is broader than the GL rollforward's claim payments ($517,206), so it likely includes property costs; still P&C."
County of Cayuga,MS,1930,242062,unknown,,Judgments and claims (FY2013-2020) in the MS fund that is otherwise the health consortium,Cayuga County Health Insurance Consortium—The Cayuga County Health Insurance Consortium accounts for the self-insurance program for health insurance.,cayuga_2024.txt L1560-1561,low,"I am uncertain. 2024 statements describe the MS fund only as the health consortium (MS1720 $31.3M FY2024 vs health claim payments $30.55M) and no liability fund. MS1930 stops after FY2020 and A1930 starts in FY2021 at a similar size, which suggests tort claims moved to the General Fund (lean liability; torts retained to $250K per occurrence, L3094), but the statements do not say what MS1930 was."
County of Chautauqua,MS,1910,253292,benefit,0,Insurance inside the Health Insurance (dental/vision) ISF,Health Insurance Fund—This fund is used to account for the County’s insurance program for vision and dental benefits.,chautauqua_2024.txt L1582-1583; combining statement L3749,high,"FY2024 OSC MS lines ($143K + $2K + $21,858K) = Health Insurance Fund 'Insurance claims and expenses' $22,002,812; WC is the S fund ($5,713K = $5,712,950). Already held out."
County of Chautauqua,MS,1930,21022751,benefit,0,Health/dental/vision claims in the Health Insurance ISF,Health Insurance Fund—This fund is used to account for the County’s insurance program for vision and dental benefits.,chautauqua_2024.txt L1582-1583; combining statement L3749,high,"Same reconciliation as MS1910. Flat ~$20-23M/yr every year, consistent with a health plan. Already held out."
County of Delaware,MS,1930,16206,benefit,0,Small claims in the health/workers' comp Self-Insurance Fund,All revenue and expenditures related to the County’s general liability self-insurance plan are recorded in the General Fund.,delaware_2024.txt L1398-1399; fund definition L1248-1251,high,The ISF is defined as the Self-Insurance Fund for 'health insurance benefits' and WC Article 5 obligations; GL is explicitly in the General Fund. Immaterial (~$16K/yr).
County of Essex,MS,1910,450,benefit,0,"Insurance inside the Health Insurance (prescription drug) ISF (FY2024 only, $4.5K)",Health Insurance Fund—This fund is used to account for the County’s insurance program for prescription drugs.,essex_2024.txt L1404-1405; combining statement L3108,high,"Mean rounds to $0 in the worklist; added for completeness. FY2024 OSC MS lines sum to $5,293K = Health Insurance fund contractual expenses $5,293,542; WC is the S fund ($958,391)."
County of Essex,MS,1930,21800,benefit,0,Claims in the Health Insurance (prescription drug) ISF,Health Insurance Fund—This fund is used to account for the County’s insurance program for prescription drugs.,essex_2024.txt L1404-1405; combining statement L3108,high,Same reconciliation as MS1910. Earlier years the same fund carried MS9060 hospital/medical (to FY2015).
County of Genesee,MS,1930,151960,benefit,0,Claims in the health/vision/dental (and unemployment) self-insurance ISF,"Internal Service Fund—The Internal Service Fund is used to account for self-insurance programs related to the administration of health, vision, and dental claims.",genesee_2024.txt L1726-1730 (Note 1); Note 9 L3001,high,"ISF claim liabilities are 'for healthcare, dental, vision, and unemployment'; WC is a separate fund (OSC S fund, S1720). GL is commercially insured."
County of Livingston,M,1930,7996742,benefit,0,Self-insured medical claims (medical ISF created 2018),Internal Service Fund - used to account for the accumulation of resources for payment of medical insurance as authorized by Section 6m of the General Municipal Law.,livingston_2024.txt L1869-1871; proprietary statement L1256,high,"FY2024 ISF 'Judgments, claims, and insurance premiums' $12,423,253 = M1930. Already held out."
County of Livingston,MS,1930,3794180,benefit,0,Workers' comp risk-pool claims (WC fund); FY2016-2017 also the health plan,The County together with 17 towns and 9 villages have joined together to self-insure for workers’ compensation coverage which is maintained and administered by the County.,livingston_2024.txt L3494-3495; WC fund expenses L1256; claims-expense table L3527,high,"WC Fund 'Judgments, claims, and insurance premiums' $2,032,742 FY2024 = MS1930 $1,396K + MS1710 $637K; FY2023 $2,161,838 = $1,713K + $449K. FY2016-2017 MS1930 ($12.5M, $14.6M) far exceeds WC claims ($2.1M, $3.1M), i.e. health ran here before the M fund existed. Already held out."
County of Madison,MS,1930,3355260,benefit,0,Self-insured health claims plus workers' comp pool claims,"Self-Insurance Fund - used to account for the financial activities of a Workers’ Compensation Insurance Public Entity Risk Pool, as well as the County's self-insured health insurance plan.",madison_2024.txt L1363-1365 (Note 1); fund statement L1015,high,"FY2024 fund expenses $10,807,078 = employee benefits $8,876,116 + WC claim payments $1,930,962 = MS1710 $1,125K + MS1930 $9,682K. Step of +$7.5M in FY2022 is the health plan arriving; FY2020-2021 (~$1.9-2.0M) matches WC claim payments ($1.85M in 2022). The GL deductible (Note 18) is not placed in this fund."
County of Monroe,M,1930,5699706,mixed,,"Judgments and claims of the Risk Management ISF (GL, hospital malpractice, small claims; possibly premiums)","The $40.3 million is comprised of $0.7 million, which is the County Attorney’s estimate of general liability claims which may likely settle, $32.6 million representing Workers’ Compensation claims already reported","monroe_2024.txt L5338-5340 (Note 17, printed p.99)",low,"I am uncertain. The Risk Management Fund pays WC, medical, GL, hospital malpractice, small claims and premiums; the ACFR column ($107.8M) is not itemized. Lean mostly liability: OSC books WC to M9040 and (apparently) medical to M1989.4 (~$70-96M/yr since FY2014). Monroe has no 1910 line in any fund, so purchased premiums are inside M1930 or M1989."
County of Montgomery,MS,1910,150174,benefit,0,Insurance (likely WC excess) inside the workers' comp ISF,"The County has established an internal service fund to account for losses, claims and judgments, relating to it workers’ compensation exposures.",montgomery_2024.txt L2097-2099 (Note 14); proprietary statement L730,high,"FY2024 OSC MS lines ($106K + $178K + $24K + $1,355K + $186K = $1,849K) = WC ISF total operating expenses $1,849,777; MS1910 sits inside WC 'contractual expenses' ($364,163). Health is the M fund."
County of Onondaga,MS,1930,1137295,mixed,0.03,"Judgments and claims line of the single ISF (WC, health, dental, GL); mostly reserve and non-GL entries","The internal service fund is used to account for the County's self-insurance activities, including general liability claims.","onondaga_2024.txt L3481-3482; rollforward L3503 (Note 12, printed p.43-44)",low,"FY2024 GL ('Judgments and Claims') claim payments $414,717 and change in estimates -$1,965,994 vs MS1930 $13,419K, so documented liability share ~0.03 for FY2024 only. Negative MS1930 in FY2015-17, 2019-20, 2022 are reserve adjustments. Health moved from MS9060 into MS9040 in FY2022. I am uncertain about the split in other years. Excess insurance on MS1722 (~$1.8M/yr mean) is outside the outcome."
County of Ontario,MS,1930,121308,liability,1,Property and liability self-insurance program claims,"The County has established an internal service fund (workers’ compensation) and a self-insurance program which is recorded in the Internal Service Fund to account for losses, claims and judgments relating to property and liability exposures.","ontario_2024.txt L2678-2680; rollforward L2695 (Note 8, printed p.51)",high,"Claim payments $249,204 (FY2024) and $125,100 (FY2023) equal MS1930. WC is the OSC S fund."
County of Ontario,MS,1931,158416,liability,1,"Property losses in the property/liability self-insurance program (property/casualty, in outcome scope)","The County has established an internal service fund (workers’ compensation) and a self-insurance program which is recorded in the Internal Service Fund to account for losses, claims and judgments relating to property and liability exposures.",ontario_2024.txt L2678-2680,medium,"Coded liability = property/casualty. MS1931 ran FY2013-2019 and stopped when MS1930 began in FY2020, a reclassification within the same program."
County of Orange,MS,1930,5472990,liability,1,Liability and Casualty ISF claims provision,Liability and Casualty Fund – This fund is used to account for the payment of liability and casualty claims.,orange_2024.txt L8875-8876; rollforward L4531,high,"FY2024 MS1930 $8,773K = Liability and Casualty provision $8,773,513 (accrual; paid $6,630,634). WC and health both sit on MS1720 ($2,950,410 + $102,484,629 = $105,435K)."
County of Rockland,MS,1930,400469,unknown,,Judgments and claims (FY2013-2016 only) in the former combined self-insurance fund,"The County is currently self-insured for general liability, property damage and medical malpractice claims.","rockland_2024.txt L5860-5861 (Note 5.B, printed p.92)",low,"I am uncertain. The current MS fund is the WC Benefits Fund only (FY2024 OSC MS $5,736K ~ fund expenses $5,744,017; no J&C). In FY2013-2016 the MS fund also carried WC (MS1710) and unemployment (MS9050), so MS1930 was plausibly GL (lean liability), but the 2024 statements do not describe it. GL claims run through A1930 since FY2017."
County of St. Lawrence,MS,1930,28469,unknown,,Judgments and claims (FY2013-2016 only) in a pre-2017 MS fund,The Internal Service Fund is used to account for the activity of the County’s self-insured workers’ compensation plans.,stlawrence_2024.txt L1509-1510,low,"I am uncertain. 2024 statements describe only a WC ISF. Lean liability from the year pattern: in FY2013-2016 the MS fund held only admin, 1930 and 1931 while WC sat in a separate S fund; WC moved into MS in FY2017, the same year MS1930/1931 stopped and A1930/A1931 began."
County of Tioga,MS,1910,498608,liability,1,Commercial (property and liability) insurance bought by the Liability Insurance Fund,"The Liability Insurance Fund provides self-insurance coverage up to $25,000 for property-related claims and up to $50,000 for third-party liabilities. ... The County purchases commercial insurance for claims in excess of the self-insurance coverage.","tioga_2024.txt L3074-3079 (Note 14, printed p.54)",medium,"Not itemized. Year pattern supports it: FY2015-2017 the MS fund held only admin, 1910 and 1930 while WC (S1720 benefits, S1722 excess) sat in the S fund; WC moved into MS in FY2018 with no step in MS1910. May include property premium (in scope)."
County of Tioga,MS,1930,46473,liability,1,Self-insured liability/property claims under the Liability Insurance Fund retention,"The Liability Insurance Fund provides self-insurance coverage up to $25,000 for property-related claims and up to $50,000 for third-party liabilities.","tioga_2024.txt L3074-3075 (Note 14, printed p.54)",medium,"WC benefits are on MS1720 (S1720 before FY2018), so MS1930 is the liability fund's claims. FY2018 spike $348K."
County of Tompkins,MS,1930,535606,liability,1,General liability and vehicle settlements from the self-insurance ISF,"The County assumes the liability for all general liability and substantially all of its vehicle risks. ... As of December 31, 2024, the County had reserved $2,504,482 in the Internal Service Fund to fund any settlements","tompkins_2024.txt L2151-2155 (Note 1, printed p.29); fund definition L1835-1839",high,WC is the OSC S fund (S1710/S1720); the MS fund carries only J&C and unemployment (MS9050). FY2022 spike $1.80M.
County of Ulster,MS,1910,5275894,benefit,0,Workers' compensation claims-servicing pool (FY2015-2021),"Workers’ Compensation Pool accounts for and reports a workers’ compensation claims-servicing pool, which was created in 1979 under Article 5 of the NYS Workers’ Compensation Law.","ulster_2024.txt L2915-2917 (Note 1, printed p.42); WC rollforward L4402",high,"The MS fund's 'Judgments and Claims Payable' (OSC GL 686) at FY2021 ($36,674K) equals the WC Pool claims liability at 1/1/2022 ($36,674,000), so the OSC MS fund is the WC pool. MS ends FY2021 (pool moved to the S fund in FY2022). County GL losses are financed in the General Fund (Note 4.A)."
County of Westchester,MS,1930,7874591,liability,1,"Casualty Reserve Fund incurred claims (general negligence, auto, public officials)","The County uses internal service funds to account for the health benefits of its employees and retirees, to provide for claims made against the County by third parties and to provide workers’ compensation coverage","westchester_2024.txt L1044-1046; claims table L4711, L4719",high,"MS1930 = Casualty Reserve 'Incurred claims including IBNR' exactly: $10,045,704 (FY2024), $19,897,315 (FY2023). Accrual basis (paid $12.5M, $11.1M). Health = MS1720; WC = S9040. See summary: A1910 FY2021-2024 is the General Fund's contribution to this same fund (double count)."
Town of Amherst,MS,1930,2949421,mixed,0.56,Judgments and claims of both ISFs: Self Insurance Fund (liability) and Workers' Compensation Fund,the judgments and claims liability and the workers’ compensation liability are recorded within the Town’s Internal Service Fund.,"town_amherst_2024.txt L2605-2606 (Note 9, printed p.51); combining statement L4165",medium,"FY2024: 'Judgments and claim expenses' Self Insurance Fund $1,848,341 + WC Fund $1,458,742 = $3,307,083; OSC MS1930 $3,129K + MS1710 $733K = ISF total $3,862K. Liability share of J&C = 0.56 (FY2024 only). No separate WC line exists in OSC, so WC has run through MS1930 throughout. Self Insurance Fund likely includes property/excess premiums (P&C)."
Town of Greece,MS,1930,251879,liability,1,Liability (general and auto) claims in the Self-Insurance Fund,"The Town’s self-insurance coverage applies to general liability, automobile liability, property damage, public works equipment, workers’ compensation and general real property coverage.","town_greece_2024.txt L2735-2736 (Note VIII.B, printed p.53)",medium,"By elimination: OSC books WC to MS9040 and property to MS1931. No statement figure equals MS1930. Greece's purchased liability coverage sits on A1722/DA1722 (~$0.4M/yr), outside the outcome."
Town of Greece,MS,1931,79013,liability,1,"Property damage losses in the Self-Insurance Fund (property/casualty, in outcome scope)","The Town’s self-insurance coverage applies to general liability, automobile liability, property damage, public works equipment, workers’ compensation and general real property coverage.",town_greece_2024.txt L2735-2736,medium,Coded liability = property/casualty.
Town of Greenburgh,MS,1930,2289482,liability,1,Property and liability claims within policy deductibles (Risk Retention Fund),The Risk Retention Fund charges the other funds of the Town for Worker Compensation coverage and for Property and Liability claims paid from within various policy deductibles.,"town_greenburgh_2024.txt L4268-4269 (Note 4.B, printed p.67); combining statement L6259",high,"FY2024 Risk Retention J&C $1,133,545 = GL provision; WC 'employee benefits' $1,840,072 = MS9040 $1,840K. OSC shows MS1930 = $0 for FY2024 although the ACFR reports $1,133,545 (see summary)."
Town of Orangetown,MS,1930,364116,liability,1,Liability/property claims within the self-insured retention (Risk Retention Fund),"The Town's policies for general liability, law enforcement and auto liability have a self-insured retention level of $100,000 per claim.","town_orangetown_2023.txt L4498-4499 (Note 4.B, printed p.67); Risk Retention statement L7688",high,"Risk Retention Fund J&C equals MS1930 exactly: $407,093 (FY2023), $215,604 (FY2022). WC is a separate ISF (MS9040). The fund's purchased insurance ($827,294 FY2023) sits on MS1722, outside the outcome."
Town of Ramapo,MS,1930,1271747,liability,1,General Liability Internal Service Fund claims provision,"The Town’s other claims liability totals $7,627,131 at December 31, 2023 and is recorded in the General Liability Internal Service Fund.",town_ramapo_2023.txt L3325-3326 (Note 12.A); rollforward Note 8.B ~L2730-2750,high,"Rollforward splits WC Benefits and General Liability Claims; WC is MS9040. FY2022 GL provision $8,697,954 vs MS1930 $8,126K. Accrual: the FY2023 GL provision of -$3,381,927 does not appear (OSC MS1930 = $0 FY2023-24), so FY2022 overstates. Includes a former-employee settlement ($2.33M paid through 2023, L3306-3312)."
Town of Ramapo,MS,1931,931,liability,1,"Property loss in the ISFs (FY2015-2017, tiny)","The Town’s other claims liability totals $7,627,131 at December 31, 2023 and is recorded in the General Liability Internal Service Fund.",town_ramapo_2023.txt L3325-3326,medium,Coded liability = property/casualty by account. Immaterial (~$1K/yr mean).
Town of Riverhead,MS,1930,407104,liability,1,General liability claims and other litigation (Risk Retention Fund),Self-Insurance Fund - Risk Retention Fund - is used to account for the Town’s self-insurance program for general liability claims and other litigation.,town_riverhead_2023.txt L2188-2189 (Note 1); Note 4.A L4193,medium,"WC benefits 'are appropriated in the various operating funds' (L4193). FY2023 MS1930 $303K vs GL claims paid $316,858 (close); FY2022 $5K vs $259,598 (not). Only FY2023 statements available."
Town of Tonawanda,MS,1910,1177737,liability,1,Judgments and claims (general liability) of the Self-Insurance Fund,the Town records a liability for general liability claims in the government-wide and internal service financial statements.,"town_tonawanda_2024.txt L2440-2441; rollforward L2222 (Note 8, printed p.44)",high,"FY2024 MS1910 $1,964K = J&C 'Adjustments and Claims' $1,964,157; FY2023 $770K = J&C payments $770,290. WC = MS9040 ($1,804K = $1,804,009). Fund definition also mentions health insurance, but health runs on operating-fund 9060 lines."
Town of Yorktown,M,1930,434118,liability,1,General Liability Claims ISF judgments and claims,"The town maintains two proprietary funds, which are internal service funds, to account for its self-insured worker’s compensation and general liability claims programs.",town_yorktown_2024.txt L407-408; combining statement L5585,high,"FY2024 M1930 $354K = General Liability Claims fund J&C $354,055; WC = M1720 ($352,892). FY2023 ACFR GL J&C was -$522,525; OSC shows $0."
Village of Garden City,MS,1930,908932,liability,1,Primary casualty (liability) claims and judgments in the self-insurance ISF,"The Village established a self-insurance risk management program for primary casualty claims, which is accounted for in the Internal Service Fund.","village_garden_city_2024.txt L3573-3575 (Note 4.B, printed p.62); ISF statement L1742",high,"FY2024 (FYE 5/31) MS1930 $985K = ISF 'Claims and judgments' $984,751; WC group-fund cost = MS1710.8 $1,789K; excess casualty/umbrella premiums on MS1722 ($1.83M) are outside the outcome. FY2024 double count: A1910/L1910/EW+ER1910 = 'Premiums charged for risk retention' into the ISF (see summary)."
Village of Hempstead,MS,1930,1439962,liability,1,Judgments and claims of the Self-Insurance Fund,"SIF services all of the claims for risk of loss to which the Village is exposed, including general liability, property and casualty, workers’ compensation and environmental.",village_hempstead_2024.txt L3158-3160 (Note 13); SIF statement L1274,high,"SIF statement itemizes: WC $2,767,725 (= MS9040), J&C $862,460 (= MS1930), property loss $1,113,812 (= MS1931), excess insurance $512,785 (= MS1722)."
Village of Hempstead,MS,1931,789596,liability,1,"Property losses of the Self-Insurance Fund (property/casualty, in outcome scope)","SIF services all of the claims for risk of loss to which the Village is exposed, including general liability, property and casualty, workers’ compensation and environmental.",village_hempstead_2024.txt L3158-3160; SIF statement L1276,high,"Coded liability = property/casualty; FY2024 MS1931 = 'Property loss' $1,113,812."
Village of Ossining,MS,1910,960429,liability,1,General Liability Claims Fund total expenses (purchased liability/property insurance plus claims/contractual),"The Village’s self-insured general liability expenses were approximately $311,857 less in 2024, aggregating $932,112 for the year.",village_ossining_2024.txt L655-656 (MD&A); GL fund statement ~L5559-5575,high,"MS1910 = GL Claims Fund expenses: $932,112 (FY2024; insurance $660,454 + contractual $271,658) and $1,243,969 (FY2023). WC fund = MS9040 ($909,724). Possible double count: A1910 + FX1910 + G1910 (~$0.9M) may be the GL fund's premium charges to operating funds ($1,059,112 FY2024); I am uncertain."
Village of Ossining,MS,1930,16585,unknown,,"Judgments and claims, FY2013-2015 only",The governmental funds are charged premiums by the respective internal service fund.,"village_ossining_2024.txt L3338 (Note 4, printed p.58)",low,"I am uncertain. Predates the current coding (GL fund now on MS1910, WC on MS9040). Lean liability. Immaterial (~$17K/yr mean, one year)."
Village of Rockville Centre,MS,1910,872556,mixed,,"Unallocated insurance in the GL/WC/unemployment ISF, FY2013-2022 (before the fund was recoded)","Internal service fund: The Village established an internal service fund to account for risk management activities for general liability, workers’ compensation, and unemployment benefits.",village_rockville_centre_2024.txt L1380-1381 (Note 1),low,"I am uncertain. In FY2013-2022 WC ran on MS9040 and unemployment on MS9050, so MS1910 is the non-WC remainder (lean mostly liability: GL claims, purchased GL/property premiums, TPA), but FY2024 statements do not describe those years and it may include WC excess premium or TPA costs."
Village of Rockville Centre,MS,1930,76315,liability,1,Judgments and claims of the risk-management ISF (FY2023-2024),"Internal service fund: The Village established an internal service fund to account for risk management activities for general liability, workers’ compensation, and unemployment benefits.",village_rockville_centre_2024.txt L1380-1381; ISF statement L1114,medium,"FY2024 ISF 'Self-insurance claims' $2,618,126 = MS1710 $496K + MS1930 $327K + MS9040 $1,409K + MS9060 $386K; WC is MS9040. GL claims paid FY2024 were $184,500, so MS1930 does not match a GL figure exactly."
County of Westchester,A,1910,3010000,internal_charge,0,"General Fund contributions into the county's own Casualty Reserve Fund, whose claims are counted on MS1930","Contributions from the General Fund to the Casualty Reserve and Workers' Compensation Reserve funds in 2024 were $1.8 million and $10.4 million, respectively.",westchester_2024.txt L1571-1573 (MD&A),high,"A1910 = $2.0M, $4.3M, $19.3M, $1.8M in 2021-2024, matching the MD&A contributions; 2015-2018 lines (~$0.55M/yr) may have been real premiums and are also excluded (small against ~$20M/yr of county liability cost)."
Village of Garden City,A,1910,,internal_charge,0,FY2024 premiums charged by the village to itself for its risk-retention internal service fund (which pays the excess insurance and claims),"Premiums charged for risk retention General Fund 3,547,000 Library Fund 154,000 Enterprise funds 262,000",village_garden_city_2024.txt L1727-1730 (internal service fund statement),high,Lines appear only in FY2024; the fund they pay into books claims on MS1930 and excess cover on MS1722.
Village of Garden City,L,1910,,internal_charge,0,FY2024 premiums charged by the village to itself for its risk-retention internal service fund (which pays the excess insurance and claims),"Premiums charged for risk retention General Fund 3,547,000 Library Fund 154,000 Enterprise funds 262,000",village_garden_city_2024.txt L1727-1730 (internal service fund statement),high,Lines appear only in FY2024; the fund they pay into books claims on MS1930 and excess cover on MS1722.
Village of Garden City,ER,1910,,internal_charge,0,FY2024 premiums charged by the village to itself for its risk-retention internal service fund (which pays the excess insurance and claims),"Premiums charged for risk retention General Fund 3,547,000 Library Fund 154,000 Enterprise funds 262,000",village_garden_city_2024.txt L1727-1730 (internal service fund statement),high,Lines appear only in FY2024; the fund they pay into books claims on MS1930 and excess cover on MS1722.
Village of Garden City,EW,1910,,internal_charge,0,FY2024 premiums charged by the village to itself for its risk-retention internal service fund (which pays the excess insurance and claims),"Premiums charged for risk retention General Fund 3,547,000 Library Fund 154,000 Enterprise funds 262,000",village_garden_city_2024.txt L1727-1730 (internal service fund statement),high,Lines appear only in FY2024; the fund they pay into books claims on MS1930 and excess cover on MS1722.
Village of Ossining,A,1910,,internal_charge,0,"Premiums the village's governmental funds pay into its own internal service fund, which buys the insurance booked on MS1910",The governmental funds are charged premiums by the respective internal service fund.,village_ossining_2024_risknote.txt L44,medium,Operating 1910 (~$0.9M/yr) is close to the liability fund's ~$1.06M of charges to other funds; the fund's own premiums are MS1910 (coded liability).
Village of Ossining,FX,1910,,internal_charge,0,"Premiums the village's governmental funds pay into its own internal service fund, which buys the insurance booked on MS1910",The governmental funds are charged premiums by the respective internal service fund.,village_ossining_2024_risknote.txt L44,medium,Operating 1910 (~$0.9M/yr) is close to the liability fund's ~$1.06M of charges to other funds; the fund's own premiums are MS1910 (coded liability).
Village of Ossining,G,1910,,internal_charge,0,"Premiums the village's governmental funds pay into its own internal service fund, which buys the insurance booked on MS1910",The governmental funds are charged premiums by the respective internal service fund.,village_ossining_2024_risknote.txt L44,medium,Operating 1910 (~$0.9M/yr) is close to the liability fund's ~$1.06M of charges to other funds; the fund's own premiums are MS1910 (coded liability).
City of New Rochelle,MS,1722,1088916,mixed,0.85,"Purchased insurance of the City's two risk ISFs: the General Liability Claims Fund's package (GL, law enforcement, POL, auto, crime, property above $1M/$50K SIRs) plus the Workers' Compensation Fund's own insurance","General liability coverage, law enforcement professional coverage, employee benefits liability coverage, public officials liability and automobile coverage of $10 million, with a $1 million self-insured retention per occurrence","city_new_rochelle_2024.txt L3525-3527 (Note 14(c), printed p.65); ISF combining statement L5198 (printed p.108)",high,"MS1722 equals the ISFs' Insurance lines plus GL-fund supplies to the dollar: FY2024 $2,728,019 = WC fund $179,992 + GL fund $2,535,003 + $13,024; FY2023 $1,886,613 = $164,250 + $1,695,504 + $26,859. Non-WC share 0.934 (FY2024), 0.913 (FY2023). FY2015-2022 are not itemized; 0.85 assumes the WC fund's insurance ran near its FY2023-24 level (~$165K/yr) in those years, so the plausible 10-yr range is 0.85-0.93 (I am uncertain about the pre-2023 split). GL-fund insurance includes the property and crime policies, treated as in scope like 1910. The City says it is self-insured for WC (L3534-3535); the WC fund's $165-180K is most likely excess WC."
City of Newburgh,MS,1722,529675,liability,1,Excess loss premiums above the self-insured retentions of the property/liability self-insurance program (self-insurance fund M),The City is also self-insured for unemployment insurance. Excess loss insurance is purchased for all property/liability loss exposures.,"city_newburgh_2024.txt L4181-4182 (Note 4.A, printed p.59)",medium,"The insurance reserve is planned to cover 'insurance premiums for coverage in excess of self-insurance retention amounts' (L4211-4214); GL/LE/auto/POL retentions $250-500K, property $100K. Not itemized (fund M is folded into the General Fund in the audit). WC switched to conventional insurance in 2008 (L4179-4180) and WC claims paid equal MS9040 exactly, so no WC excess layer is described; I am uncertain where the conventional WC premium is booked (no 9040 or 1910 line outside MS carries it), and it could sit in MS1710 or MS1722. MS1722 rose from $256K (FY2019) to $1.34M (FY2024), unexplained in the statements. Includes property premium (in scope)."
County of Albany,MS,1722,295782,benefit,0,"Excess workers' compensation insurance above the County's WC retention ($700K; $750K for police, sheriff and corrections), in the single risk-management ISF","The County is commercially insured with excess insurance, with a self-insured retention of $700,000 and $750,000 for Police, Sheriffs, and Corrections Officers and an employer’s liability limit of $2,000,000.","albany_2024.txt L3323-3325 (Note 13, printed p.61)",medium,"The sentence sits in the WC paragraph; the property/liability side is an all-risk policy 'which includes a cash deductible' (L3313-3315), not an excess layer. ISF contractual expenses $3,715,868 = MS1710 + MS1722 + MS1930 + MS1931 exactly, but not itemized. MS1722 ($0.24-0.27M) ran alongside A1910 unallocated insurance ($0.5-0.8M) in FY2014-2016 and did not step up when A1910 ended in FY2017, so it is not the all-risk premium. I am uncertain because no statement line names MS1722."
County of Allegany,MS,1722,452076,benefit,0,"Excess/stop-loss coverage inside the combined self-insurance ISFs (WC, health, GL); most likely the health plan stop-loss","The County holds stop loss coverage for health insurance claims. The stop loss coverage limits the County's exposure to $1,000,000 per incident and $3,000,000 in aggregate.","allegany_2024.txt L2795-2797 (Note 12, printed p.53)",medium,"Health stop-loss is the only purchased excess layer the note names; the County's property/liability premium runs through A1910 ($248-455K/yr). In FY1995-96 the County's separate health self-insurance fund (CS) carried CS1722 next to CS9060 claims. WC excess for the County's municipal WC plan would also be benefit. A GL excess layer is not documented but I cannot rule it out. MS1722 fell from $429K (FY2023) to $133K (FY2024), unexplained."
County of Cattaraugus,A,1722,319702,benefit,0,"Specific excess insurance for the County's Article 5 workers' compensation plan, which is accounted for in the General Fund","The County is self-insured for workers' compensation and employers' liability with a specific excess maximum limit of indemnity per occurrence of $1,000,000","cattaraugus_2024.txt L3147-3150 (Note 9, printed p.59-60)",medium,"A1722 sits with the WC plan's own General Fund lines (A1710 admin through FY2018, A1720 benefits and awards); in FY1995, before the plan moved into the General Fund, the S fund carried S1710/S1720/S1722 together. The note also documents 'commercial excess liability insurance of $10,000,000 per occurrence' (L3144-3145); I read that premium as part of A1910 unallocated insurance ($0.3-0.8M/yr), but no statement line confirms which account carries which policy. I am uncertain; if A1722 were the excess-liability premium it would be liability (~$0.32M/yr)."
County of Chautauqua,EL,1722,38605,unknown,,Excess insurance charged to the Landfill enterprise fund (FY2020 onward); undocumented,"Upper limits are extended via an excess umbrella policy to $30,000,000. The County has purchased a Workers’ Compensation Excess Policy to cover claims in excess of $1,500,000.","chautauqua_2024.txt L2667-2669 (Note 9, printed p.52)",low,"The County buys both an excess umbrella (liability) and a WC excess policy, and allocates WC liabilities between the WC fund and the enterprise funds (L2672-2674), so either could be charged here. EL1722/ES1722 begin in FY2020, the year A1710 (~$1.1M/yr) ends and A1989 rises ~$1.1M, which looks like a recoding of the County's insurance charges; lean property/liability allocation, but nothing itemizes it. I am uncertain. Immaterial."
County of Chautauqua,ES,1722,52424,unknown,,Excess insurance charged to the Sewer Districts enterprise fund (FY2020 onward); undocumented,"Upper limits are extended via an excess umbrella policy to $30,000,000. The County has purchased a Workers’ Compensation Excess Policy to cover claims in excess of $1,500,000.","chautauqua_2024.txt L2667-2669 (Note 9, printed p.52)",low,"The County buys both an excess umbrella (liability) and a WC excess policy, and allocates WC liabilities between the WC fund and the enterprise funds (L2672-2674), so either could be charged here. EL1722/ES1722 begin in FY2020, the year A1710 (~$1.1M/yr) ends and A1989 rises ~$1.1M, which looks like a recoding of the County's insurance charges; lean property/liability allocation, but nothing itemizes it. I am uncertain. Immaterial."
County of Clinton,A,1722,699904,benefit,0,Article 5 workers' compensation plan costs in the General Fund: WC claims paid plus a steady ~$83K/yr (likely the catastrophic excess premium),"The amount of liability insurance for workers’ compensation is $1,000,000. ... The County has catastrophic liability insurance for claims over $1,000,000.","clinton_2024.txt L2022-2025 (Note 11, printed p.38)",high,"A1722 tracks the WC claims rollforward (L2032-2033): FY2024 $308,994 vs claims paid $226,275; FY2023 $694,153 vs $610,700 (residual ~$83K both years). Either reading (WC claims or WC excess premium) is benefit. The County's commercial tort/property insurance runs through A1910 ($0.37-0.59M/yr)."
County of Columbia,S,1722,13132,benefit,0,"Excess insurance of the County's Article 5 workers' compensation plan ISF (FY2022 only), during the tail period after the August 2021 move to PERMA","The County sponsors and participates in a self-insurance plan for workers’ compensation under Local Law No. 1 and 2 of 1956, pursuant to Article 5 of the Workers’ Compensation Law.","columbia_2024.txt L1939-1940 (Note 1, Insurance; repeated in Note 9 at L2771-2773, printed p.38)",high,"'The activity of the Plan is recorded in the County's Internal Service Fund' (L2793-2794). OSC S fund carries only WC plan lines (S1710, S1720, S1722). The County's liability package, including 'excess catastrophe liability' (L2767-2768), is a General Fund purchase (A1910). The FY2022 statements are not in the folder, so the $131K item itself is not seen."
County of Cortland,S,1722,47502,benefit,0,"Excess insurance of the workers' compensation self-insurance plan ISF (FY2018-2019), before the plan moved to a group insurance model in 2020",All revenue and expenses related to the Workers’ Compensation Self-Insurance Plan have been recorded and presented as an Internal Service Fund.,"cortland_2024.txt L2907-2908 (Note 6(c), printed p.62)",high,OSC S fund carries only WC plan lines. GL: 'All revenue and expenditures related to the County's general liability self-insurance plan are recorded in the General Fund' (L1710-1712). Commercial excess liability ($4M) is a separate purchase (L2871-2872). Health ISF is OSC MS.
County of Dutchess,S,1722,370847,benefit,0,Excess workers' compensation insurance of the Dutchess County Self-Insured Workers' Compensation Plan,"The Plan maintains insurance coverage for claims in excess of $1,500,000 for uniformed officers and $1,250,000 for all other County employees.","dutchess_2024.txt L3689-3690 (Note 10, printed p.72)",high,"S1720 equals the Plan's claim payments to the dollar (FY2024 $3,380,133 vs $3,380,134; FY2023 $4,490,319 vs $4,490,320, L3700-3701), so the S fund is the WC Plan and S1722 ($0.34-0.40M) is its excess premium. Liability/property premiums run through A1910."
County of Essex,MS,1722,369798,benefit,0,Insurance (stop-loss) inside the Health Insurance (prescription drug) ISF,Health Insurance Fund—This fund is used to account for the County’s insurance program for prescription drugs.,"essex_2024.txt L1404-1405 (Note 1 fund descriptions, printed p.27); ISF combining statement L3108",high,"FY2024 OSC MS lines (1720 $4,934,700 + 1722 $325,869 + 1910 $4,500 + 1930 $28,472) = Health Insurance fund contractual expenses $5,293,542 (combining statement L3108). WC is the S fund. MS1722 has run continuously since FY2013 while the fund carried health claims (MS9060 to FY2015, MS1720 after)."
County of Fulton,MS,1722,15146,benefit,0,Excess insurance inside the workers' compensation / disability / unemployment ISF,"The County established an internal service fund to account for all workers’ compensation, disability, and unemployment activity.","fulton_2024.txt L2134-2135 (Note 10, printed p.39)",high,"MS1720 equals the ISF claim payments (FY2024 $736K vs $735,648; FY2023 $615K vs $615,168). No liability activity in this fund."
County of Genesee,MS,1722,120732,benefit,0,"Stop-loss/excess insurance of the health, dental and vision (and unemployment) self-insurance ISF",The County purchases insurance for claims in excess of coverage provided by the internal service fund and for all other risks or loss.,"genesee_2024.txt L2991-2993 (Note 9, printed p.57); ISF statement L1210",high,"FY2024 ISF contractual expenses $15,148,015 (L1210) = MS1710 $14,582,503 + MS1722 $366,938 + MS1930 $165,485 + MS9050 $33,088. The ISF is 'used to account for self-insurance programs related to the administration of health, vision, and dental claims' (L1726-1727); WC is an enterprise fund (OSC S). The step to ~$350K in FY2022 is unexplained."
County of Lewis,MS,1722,660523,benefit,0,Health stop-loss premium in the self-funded Health Insurance Plan ISF,"Additionally, the County has stop loss insurance to limit exposure from individual claims.","lewis_2024.txt L2503-2504 (Risk Management (b), printed p.53)",high,"FY2024 OSC MS lines sum to $20,276,230 = ISF total operating expenses $20,276,229; the County 'accounts for its self-insured health expenses in its internal service fund' (L1404-1405). WC is the S fund. MS2680 insurance recoveries (stop-loss reimbursements) rose from $0.3M to $3.4M alongside MS1722."
County of Madison,MS,1722,20799,benefit,0,One-off FY2021 charge while the MS fund held only the County-sponsored workers' compensation risk pool,"The County also funds its Workers’ Compensation claim liability through a municipal workers’ compensation risk pool, of which the County is the sponsoring member.","madison_2024.txt L2847-2849 (Note 18, printed p.51)",medium,"In FY2021 the MS fund carried only 1710 admin, 1722 and 1930 (~$1.9M, matching WC claim payments); the health plan entered in FY2022. The GL deductible is not placed in this fund. FY2021 statements are not in the folder; I am uncertain what the $208K bought, but it sat in a WC-only fund that year."
County of Oneida,S,1722,148251,benefit,0,Excess insurance of the County Workers' Compensation Fund (FY2015-2017),The County’s program is self-insured and is accounted for in the Workers’ Compensation Fund.,"oneida_2024.txt L3117-3118 (Note 9, printed p.62)",high,"OSC S fund holds only WC plan lines (S1710, S1720, S1722); the same account was named 'Excess Or Catastrophe' in FY2009-2011. The County's liability policies (GL, auto, police protection; combined stop-loss aggregate $550K, L3152-3154) are purchased outside the WC fund."
County of Onondaga,MS,1722,1756363,mixed,,"Purchased insurance of the single risk ISF (WC, health, dental, GL); recoded out of MS1710 in FY2018","The County is self-insured for individual claims up to $2,000,000 and amounts greater than $20,000,000 for all liability (including environmental liability) and certain physical damage risks. The County has excess liability insurance that covers all other claim amounts.","onondaga_2024.txt L3522-3524 (Note 12, printed p.44)",low,"Not itemized (the ISF reports one 'Insurance premiums and benefits' line, $82,480,585). The purchased coverages the County names are this excess liability layer and property ('The County purchases insurance for property losses', L478), both in scope. But the WC table reads 'Type B Coverage - Self-insured individual claims up to $100,000, & amounts greater' followed by 'Settled claims have not exceeded this commercial coverage' (L3513-3516), which may imply a WC excess layer. MS1722 began in FY2018 as MS1710 fell by about the same amount (a recoding). Lean mostly liability/property; share undocumented and I am uncertain."
County of Ontario,MS,1722,198866,liability,1,Excess insurance for the County's property and liability self-insurance program,The County purchases insurance for claims in excess of coverage provided by the self-insurance program and for all other risks or loss.,"ontario_2024.txt L2682-2683 (Note 8, printed p.51)",high,"OSC MS carries only the property/liability program (MS1930 equals its claim payments: $249,204 FY2024, $125,100 FY2023). WC is the separate S fund, which has no 1722 line even though the WC plan carries $300K-retention excess (L2703-2704). The County has no A1910 line, so MS1722 is likely its whole purchased property/liability cover (property in scope)."
County of Tioga,MS,1722,122811,benefit,0,"Excess insurance of the workers' compensation Self-Insurance Fund, carried into MS when WC merged into it in FY2018",The Self-Insurance Fund provides self-insurance coverage for all workers’ compensation claims for employees of each participating municipality.,"tioga_2024.txt L3082-3083 (Note 14, printed p.54)",medium,"S1722 ($150-192K) ran FY2013-2017 in the WC-only S fund and stopped when WC moved into MS in FY2018, the year MS1722 started at $163K. The Liability Insurance Fund's commercial premium is MS1910 (continuous since FY2013, no step in FY2018). But the same note says 'The County is completely self-insured with regard to workers' compensation claims' (L3086-3087), which conflicts; I am uncertain what MS1722 buys after FY2018."
County of Tioga,S,1722,46547,benefit,0,Excess insurance of the workers' compensation Self-Insurance Fund (FY2015-2017),The Self-Insurance Fund provides self-insurance coverage for all workers’ compensation claims for employees of each participating municipality.,"tioga_2024.txt L3082-3083 (Note 14, printed p.54)",high,"The S fund held only WC plan lines (S1710, S1720, S1722; named 'Excess Or Catastrophe' in FY2010-2012). Liability insurance was MS1910 in the Liability Insurance Fund."
Town of Clarkstown,A,1722,86163,unknown,,Part of the General Fund 'Unallocated Insurance' appropriation (FY2023 onward); WC excess or liability excess,The Town purchases commercial insurance in excess of coverage provided by the Funds and for all other risks of loss.,"town_clarkstown_2024.txt L3235-3237 (Note D, printed p.63); GF budget schedule L3629, L3728",low,"The audited GF 'Unallocated Insurance' actual equals A1910 + A1722 exactly ($1,352,688 = $934,491 + $418,198 FY2024; $1,268,301 = $824,869 + $443,432 FY2023, L3629), while 'Workers Compensation' ($1,823,603, L3728) maps to A9040. A1722 appeared in FY2023 when A1910 fell ~$1.6M and A9040 began. With a $1M WC retention and $100K liability retention, A1722 could be either excess layer; its placement in the insurance appropriation rather than the WC one leans liability. I am uncertain. DECISIONS treats Clarkstown as commercial ($100K retention)."
Town of Greece,A,1722,318429,mixed,,"Stop-loss and umbrella premiums for the Town's self-insurance program (GL, auto liability, WC), charged to each operating fund","In order to reduce the risk to the Town, the town holds stop-loss insurance for general liability, automobile liability, workers compensation and additional umbrella coverage.","town_greece_2024.txt L2736-2738 (Note VIII.B, printed p.53)",medium,"These funds carry no 1910 line, so 1722 is the Town's whole purchased cover; it spans liability (GL, auto, umbrella) and WC excess with no split given. Property damage is self-insured in the fund (L2735-2736). Share undocumented; I am uncertain."
Town of Greece,DA,1722,94505,mixed,,"Stop-loss and umbrella premiums for the Town's self-insurance program (GL, auto liability, WC), charged to each operating fund","In order to reduce the risk to the Town, the town holds stop-loss insurance for general liability, automobile liability, workers compensation and additional umbrella coverage.","town_greece_2024.txt L2736-2738 (Note VIII.B, printed p.53)",medium,"These funds carry no 1910 line, so 1722 is the Town's whole purchased cover; it spans liability (GL, auto, umbrella) and WC excess with no split given. Property damage is self-insured in the fund (L2735-2736). Share undocumented; I am uncertain."
Town of Greece,L,1722,3396,mixed,,"Stop-loss and umbrella premiums for the Town's self-insurance program (GL, auto liability, WC), charged to each operating fund","In order to reduce the risk to the Town, the town holds stop-loss insurance for general liability, automobile liability, workers compensation and additional umbrella coverage.","town_greece_2024.txt L2736-2738 (Note VIII.B, printed p.53)",medium,"These funds carry no 1910 line, so 1722 is the Town's whole purchased cover; it spans liability (GL, auto, umbrella) and WC excess with no split given. Property damage is self-insured in the fund (L2735-2736). Share undocumented; I am uncertain. Immaterial."
Town of Greece,SD,1722,8360,mixed,,"Stop-loss and umbrella premiums for the Town's self-insurance program (GL, auto liability, WC), charged to each operating fund","In order to reduce the risk to the Town, the town holds stop-loss insurance for general liability, automobile liability, workers compensation and additional umbrella coverage.","town_greece_2024.txt L2736-2738 (Note VIII.B, printed p.53)",medium,"These funds carry no 1910 line, so 1722 is the Town's whole purchased cover; it spans liability (GL, auto, umbrella) and WC excess with no split given. Property damage is self-insured in the fund (L2735-2736). Share undocumented; I am uncertain. Immaterial."
Town of Greece,SL,1722,981,mixed,,"Stop-loss and umbrella premiums for the Town's self-insurance program (GL, auto liability, WC), charged to each operating fund","In order to reduce the risk to the Town, the town holds stop-loss insurance for general liability, automobile liability, workers compensation and additional umbrella coverage.","town_greece_2024.txt L2736-2738 (Note VIII.B, printed p.53)",medium,"These funds carry no 1910 line, so 1722 is the Town's whole purchased cover; it spans liability (GL, auto, umbrella) and WC excess with no split given. Property damage is self-insured in the fund (L2735-2736). Share undocumented; I am uncertain. Immaterial."
Town of Hamburg,A,1722,163534,mixed,,"The Town's commercial insurance premiums (FY2023 onward), including WC excess over $400,000","The Town purchased insurance coverage for claims in excess of $400,000. Previously , the Town had been retaining risk related to general liability only. All other risks of loss are covered through the purchase of commercial insurance.","town_hamburg_2024.txt L3169-3171 (Note 17, printed p.59)",low,"The excess-of-$400,000 cover follows the sentence on dropping commercial WC in 1995, so it reads as WC excess; property and other risks are commercially insured; GL is retained. No 1910 line exists. A1722 replaced A1989 'General Government Support, Other' ($533-638K FY2020-22, $0 FY2023), so the same premiums were likely on A1989 before FY2023 and a 1722-only adjustment misses them. Not itemized; I am uncertain about both the split and the A1989 link."
Town of Islip,A,1722,1347898,mixed,,"General Fund purchased insurance for the self-insurance program: GL/auto/POL/LE/EPL excess, property, cyber, pollution, and likely WC excess","With respect to general liability, the Town maintains a self-insured retention of $1,000,000. The Town then has an excess policy that picks up any liability that goes over that amount","town_islip_2024.txt L4773-4775 (Note 4.C, printed p.79)",medium,"The note also says the Town 'is self-insured for workers' compensation insurance up to $1,000,000 per occurrence' (L4772-4773), implying a WC excess layer, alongside property ($75M), cyber, law-enforcement and pollution policies. No A1910 line; other funds carry their own 1910 since FY2017. Not itemized; share undocumented, lean majority liability/property. Separate finding: A1930 ($4.20M FY2024; $4.47M FY2023) is close to WC + GL claim payments combined ($4.38M; $4.24M, L4808-4830) and Islip has no 9040 line, so A1930 likely carries WC claims (~75-80%)."
Town of Lancaster,DB,1722,1345,unknown,,One-off FY2021 charge to the Highway fund; undocumented,"Operating expenses for the Internal Service Fund include the cost of health and workers' compensation claims from providers, excess insurance coverage and administrative costs.","town_lancaster_2024.txt L1549-1552 (Note 1, printed p.30-31)",low,"The only 'excess insurance' the statements describe is the ISF's WC specific/aggregate excess and health stop-loss; liability (incl. umbrella) is commercial, on A1910. DB9040 went to $0 the same year. Lean benefit; immaterial ($13K once). I am uncertain."
Town of Orangetown,MS,1722,1488746,mixed,0.46,"Purchased insurance of the two ISFs: Risk Retention Fund (liability, property, auto above $100K SIRs) and Workers' Compensation Benefits Fund (excess over the $350K WC retention)","The Town's workers’ compensation policy has a self-insured retention level of up to $350,000 per claim. Insurance coverage has been secured for losses in excess of the self- insured retention.","town_orangetown_2023.txt L4505-4507 (Note 4.B, printed p.67); ISF combining statement L7403",medium,"MS1722 equals the combined ISF 'Insurance' line exactly: FY2023 $1,870,900 = WC Benefits fund $1,043,606 + Risk Retention $827,294; FY2022 $1,812,109, of which Risk Retention $848,971. Liability share 0.442 (FY2023), 0.468 (FY2022); 0.46 is the two-year share. Risk Retention insurance includes property, auto physical damage and contractor's equipment (in scope). FY2015-2021 not itemized in the folder; I am uncertain the split held then."
Town of Riverhead,SL,1722,1777,unknown,,Excess insurance charged to the Street Lighting district (FY2010-2016); undocumented,"The Town has provided an umbrella-type policy protecting against a catastrophic loss in the workers’ compensation self-insurance protection program with $600,000 retention per occurrence.","town_riverhead_2023.txt L4194-4196 (Note 4.A, printed p.77)",low,"Riverhead buys two excess layers: GL catastrophic loss coverage above a $250K SIR (L4152-4154) and this WC umbrella. Only the Street Lighting fund ever carried 1722 ($8-13K/yr), next to SL1910 and SL9040; nothing ties it to either policy. Immaterial (~$2K/yr). I am uncertain."
Town of Smithtown,A,1722,611524,liability,1,"Property and liability insurance package (property, GL, auto, law enforcement, POL, EPL, cyber, $10M excess), charged to each operating fund",The Town carries $10 million per occurrence and $10 million in the aggregate excess over the above underlying limits and aggregates and apply to each coverage separately (auto not aggregated).,"town_smithtown_2024.txt L3105-3107 (Note 4.A, printed p.56)",medium,"1722 is the only insurance-premium line in these funds (no 1910). WC has been insured through the NYS Municipal Workers' Compensation Alliance since 2006, with costs 'appropriated in the various operating funds of the Town that have payroll' (L3116-3120), i.e. the 9040 lines; health is the MS fund. So 1722 carries the property and liability package (property $100K deductible; GL/auto/LE $1.5M SIRs; $10M excess) by elimination. Not itemized."
Town of Smithtown,B,1722,123625,liability,1,"Property and liability insurance package (property, GL, auto, law enforcement, POL, EPL, cyber, $10M excess), charged to each operating fund",The Town carries $10 million per occurrence and $10 million in the aggregate excess over the above underlying limits and aggregates and apply to each coverage separately (auto not aggregated).,"town_smithtown_2024.txt L3105-3107 (Note 4.A, printed p.56)",medium,"1722 is the only insurance-premium line in these funds (no 1910). WC has been insured through the NYS Municipal Workers' Compensation Alliance since 2006, with costs 'appropriated in the various operating funds of the Town that have payroll' (L3116-3120), i.e. the 9040 lines; health is the MS fund. So 1722 carries the property and liability package (property $100K deductible; GL/auto/LE $1.5M SIRs; $10M excess) by elimination. Not itemized."
Town of Smithtown,DA,1722,47323,liability,1,"Property and liability insurance package (property, GL, auto, law enforcement, POL, EPL, cyber, $10M excess), charged to each operating fund",The Town carries $10 million per occurrence and $10 million in the aggregate excess over the above underlying limits and aggregates and apply to each coverage separately (auto not aggregated).,"town_smithtown_2024.txt L3105-3107 (Note 4.A, printed p.56)",medium,"1722 is the only insurance-premium line in these funds (no 1910). WC has been insured through the NYS Municipal Workers' Compensation Alliance since 2006, with costs 'appropriated in the various operating funds of the Town that have payroll' (L3116-3120), i.e. the 9040 lines; health is the MS fund. So 1722 carries the property and liability package (property $100K deductible; GL/auto/LE $1.5M SIRs; $10M excess) by elimination. Not itemized."
Town of Smithtown,DB,1722,235785,liability,1,"Property and liability insurance package (property, GL, auto, law enforcement, POL, EPL, cyber, $10M excess), charged to each operating fund",The Town carries $10 million per occurrence and $10 million in the aggregate excess over the above underlying limits and aggregates and apply to each coverage separately (auto not aggregated).,"town_smithtown_2024.txt L3105-3107 (Note 4.A, printed p.56)",medium,"1722 is the only insurance-premium line in these funds (no 1910). WC has been insured through the NYS Municipal Workers' Compensation Alliance since 2006, with costs 'appropriated in the various operating funds of the Town that have payroll' (L3116-3120), i.e. the 9040 lines; health is the MS fund. So 1722 carries the property and liability package (property $100K deductible; GL/auto/LE $1.5M SIRs; $10M excess) by elimination. Not itemized."
Town of Smithtown,SL,1722,16764,liability,1,"Property and liability insurance package (property, GL, auto, law enforcement, POL, EPL, cyber, $10M excess), charged to each operating fund",The Town carries $10 million per occurrence and $10 million in the aggregate excess over the above underlying limits and aggregates and apply to each coverage separately (auto not aggregated).,"town_smithtown_2024.txt L3105-3107 (Note 4.A, printed p.56)",medium,"1722 is the only insurance-premium line in these funds (no 1910). WC has been insured through the NYS Municipal Workers' Compensation Alliance since 2006, with costs 'appropriated in the various operating funds of the Town that have payroll' (L3116-3120), i.e. the 9040 lines; health is the MS fund. So 1722 carries the property and liability package (property $100K deductible; GL/auto/LE $1.5M SIRs; $10M excess) by elimination. Not itemized. Immaterial."
Town of Smithtown,MS,1722,73207,liability,1,"Residual of the same property/liability package while it moved from the MS fund to the operating funds (FY2013-2016), plus small FY2017/2019/2020 amounts","The Town is self-insured for workers' compensation claims insurance prior to June 1, 2006. Subsequent to that date, the Town became a member of the New York State Municipal Workers' Compensation Alliance Plan","town_smithtown_2024.txt L3116-3118 (Note 4.A, printed p.56)",low,"Total 1722 across funds held ~$0.9-1.5M/yr while MS1722 fell from $1.16M (FY2010) to $0 (FY2016) and operating-fund 1722 rose; in FY2016 A/B/DA/DB rose ~$0.32M as MS1722's $0.45M dropped out. FY2015 ($447K) is 61% of the 10-yr total. The MS fund otherwise carries health (9060) and pre-2006 WC tail claims (9040), so the FY2017/2019/2020 amounts ($99K/$45K/$141K) could be health or WC-tail excess. I am uncertain."
Village of Garden City,MS,1722,1413274,liability,1,Excess casualty and umbrella premiums in the self-insurance ISF (primary casualty program),"the Village has primary casualty and umbrella policies in place, which provide for a total of $31,000,000 of coverage, excess of the applicable line of coverage’s self-insured retention.","village_garden_city_2024.txt L3576-3577 (Note 4.B, printed p.62); ISF statement L1741 (printed p.30)",high,"ISF FY2024 (FYE 5/31): 'Excess insurance' $1,826,965 = MS1722 exactly, beside 'Claims and judgments' $984,751 (= MS1930) and 'Workers' compensation' $1,788,868 (group self-insurance fund cost, = MS1710.8). The WC excess policy ended when the Village joined a WC group self-insurance fund in August 2011 (L3578-3581)."
Village of Hempstead,MS,1722,278427,mixed,,"Excess insurance premiums of the Self-Insurance Fund, which carries GL, property/casualty, WC and environmental claims","The Village is self-insured for general liability and workers’ compensation claims which are managed by an independent company. Current year claims settlements, administrative costs, and excess insurance premiums are accounted for in the Proprietary Fund","village_hempstead_2024.txt L3190-3192 (Note 13, printed p.55); SIF statement L1275 (printed p.22)",medium,"SIF FY2024 (FYE 5/31) itemizes 'Excess insurance' $512,785 (= MS1722) beside WC $2,767,725, J&C $862,460 and property loss $1,113,812. 'It is the policy of the Village to purchase commercial insurance only for excess claims' (L3156), so the premium spans liability and WC excess with no split. FY2022 ($38K) is anomalously low. Share undocumented; I am uncertain."
