"entity_name","county","break_year","direction","verdict","structure_before","structure_after","evidence_url","evidence_quote","evidence_date","notes"
"County of Westchester","Westchester","2008","to_self_insured","recoding_or_artifact","self_insured","self_insured","https://emma.msrb.org/ES1411727.pdf","Since 1986, the County has self-insured its exposure for general negligence, auto and public official's liability losses and in 1989 included workers' compensation as a self-insurance program. The County established self-insurance funds, pursuant to Sections 6n and 6j of General Municipal Law","2018-12-31","FY2018 ACFR (Westchester finance site links to EMMA) Risk Management note and the official-statement Self-Insurance section (6-n fund since 1986; retains reserve 'in lieu of purchasing commercial insurance policies'). Structure self-insured on both sides of 2008; the 1910 drop (9.15 to 1.52 per resident) is a reporting change, not a financing change. Pre-2008 ACFRs not online (county page lists FY2018+ only). Caveat: Westchester County appears on NYMIR's 2026-07-31 subscriber list; line(s) of coverage unknown, so a recent partial NYMIR placement is possible but is after the 2008 break."
"City of Long Beach","Nassau","2019","to_insured","recoding_or_artifact","self_insured","self_insured","https://www.longbeachny.gov/vertical/sites/%7BC3C1054A-3D3A-41B3-8896-814D00B86D2A%7D/uploads/City_of_Long_Beach_New_York_2019_FS_Final.pdf","During this reporting period the City was self-insured for the first $500,000 per general liability including law enforcement liability occurrence and for the first $150,000 public officials and employment practices liability occurrences and carried excess liability insurance coverage","2019-06-30","Risk Management note is word-for-word the same in FY2018, FY2019, FY2020 and FY2021 audited statements (SIR $500K GL, excess $4M/$8M agg; Risk Retention Fund internal service fund). Adopted budgets FY2018-FY2021 keep A1910 Unallocated Insurance flat at $875K-$1.0M while A9953 transfer to Risk Retention Fund runs $2.8M-$3.0M; the detected jump to ~$4.9M in 1910 matches 1910 + risk-retention transfer, i.e. a reporting/classification change. FY2017 and FY2016 statement PDFs are scanned (no text). City of Long Beach is on NYMIR's 2026-07-31 subscriber list; if it joined NYMIR that is after FY2021 and not the 2019 break."
"County of Rockland","Rockland","2015","to_self_insured","recoding_or_artifact","self_insured","self_insured","https://www.rocklandcountyny.gov/home/showpublisheddocument/4413/638447244955430000","The County is currently self-insured for general liability, property damage and medical malpractice claims. In addition, the County maintains a commercial insurance policy, with coverage up $40 million. ... Conventional insurance is not purchased for catastrophic losses.","2015-12-31","Identical Risk Management note in the 2013, 2015 and 2017 ACFRs (county Financial Reports page, docs 4409/4413/4417; site blocks curl, read via browser pane). Self-insured GL with a $40M commercial policy above a $1,150,000 self-insured retention (2017 ACFR component-unit note) on both sides of 2015. The 2015 collapse of 1910 (4.87 to 0.14 per resident) is a coding change; the excess premium presumably moved out of 1910 (internal service fund)."
"Town of Islip","Suffolk","2017","to_insured","recoding_or_artifact","self_insured","self_insured","https://islipny.gov/community-and-services/documents/departments/comptroller/103-2016-adopted-budget/file","Self Insured General Liability Fund 2,674,487 2,687,792 13,305 .50% Self Insured Workers Comp Fund 3,996,061 3,778,195","2015-11-06","2016 adopted budget (prepared 2015-11-06) carries fund CS01 GENERAL LIABILITY/SELF INS with ~$2.7M of appropriations and revenue from 'IRRA LIABILITY PREMIUMS' and transfers; 2024 adopted budget book still shows 'Self-Insured General Liability Fund 2,845,225 / 3,211,915' (2024/2023). Same self-insured structure before and after 2017; the 1910 jump from $0 to ~7.5 per resident (~$2.5M) is the size of the CS01 fund, consistent with the fund's spending being newly reported under 1910. 2013 audited statements on the town site are image-only. Town of Islip is not on NYMIR's 2026 subscriber list. Site is Cloudflare-gated; read via browser pane."
"City of Poughkeepsie","Dutchess","2017","to_insured","unverified","unknown","self_insured","https://www.cityofpoughkeepsie.gov/Archive.aspx?ADID=153","Such risks are generally covered by the purchase of commercial insurance for losses in excess of specified limits. The City was self-insured during 2018 for risks below those limits.","2018-12-31","NOT in switcher_candidates.csv (no statistical break detected). Anchor claim 'moved from self-insurance to NYMIR in 2017' could not be confirmed: City of Poughkeepsie IS on NYMIR's 2026-07-31 subscriber list, but the 2018, 2019 and 2024 audited statements all describe a self-insured retention with excess commercial coverage (NYMIR not named); the general-fund Insurance-Unallocated line (acct 7492) runs $383K (2016 actual), $560K (2017 budget), $379K (2018 budget), $437K/$505K (2018-19 actuals) with no step; and none of the 220 Common Council agendas/minutes for 2016-2018 mention NYMIR or 'reciprocal'. OSC budget review B6-17-1 (Feb 2017) and 2013M-30 do not discuss liability insurance. Pre-2018 audited statements are not on the city site. A NYMIR placement as the excess carrier with the same SIR would be invisible in these sources."
"County of Niagara","Niagara","2008","to_insured","recoding_or_artifact","self_insured","self_insured","https://downloads.niagaracounty.gov/Document_center/Department/A%20-F/Budget/Budget%20Books/2008%20Adopted%20Budget.PDF","Note: In the 2008 budget the Property and Casualty appropriation is being budgeted by fund in department code 1910.","2008-01-09","2007 adopted budget: A9920 object 79901 PropCasRes (transfer to Property & Casualty reserve) $1,435,000 ($435,000 in 2005 and 2006); 2008 budget: new A1910 General Insurance object 74068 Insurance $1,435,000 with 2006/2007 columns $0, and A9920 PropCasRes $0. Same dollars, new code. General-fund 'Property, Casualty, Loss' reserve $2,076,230 (9/30/06), $2,473,616 (2008 book), $3,851,233 (2010 book). A1910 $1,535,000 in 2009, $785,000 in 2010. County posts no audited statements online, so whether an excess layer sits above the reserve is not documented here. Local copies: niagara-county/budget2006..2011_b1.pdf/.txt"
"Village of Rockville Centre","Nassau","2021","to_self_insured","recoding_or_artifact","self_insured","self_insured","http://web.archive.org/web/20230618192836/https://www.rvcny.gov/sites/g/files/vyhlif4946/f/uploads/rvc_2021_final_audited_statements.pdf","The Village is self-insured for general, auto and police professional liability. The Village has retained a $250,000 liability per occurrence except for certain exceptions including public officials and employment practices which is retained at $100,000","2021-05-31","Audited FS Note 17 reads identically in FY2019, FY2020 and FY2021 (and the FY2017 CAFR: self-insured, $300,000 retention, excess liability purchased). Internal Service Fund (Risk Retention Fund) insurance expense 673,957 (FY2020) vs 698,524 (FY2021); G&A 503,779 vs 490,802; benefits 681,977 vs 692,824; charges for risk management 2,060,970 vs 1,890,432. No insurance line in the audited statements drops in FY2021, so the OSC 1910 collapse is an AFR reclassification, not a financing change. General Fund budget line 1991-497 Liability Insurance Contribution stays 500,000 FY2020-FY2023. From FY2022 a new auditor describes a self-insurance risk management program plus commercial GL coverage up to about $5 million (excess). RVC is on the 2026 NYMIR subscriber list but FS through FY2024 never mention NYMIR; which line NYMIR writes is unknown."
"City of Binghamton","Broome","2008","to_insured","recoding_or_artifact","self_insured","self_insured","https://web.archive.org/web/20150912160615/http://www.binghamton-ny.gov/sites/default/files/documents/files/2009%20Annual%20Financial%20Report_0.pdf","On June 1, 1985, The City became self-insured for general liability exposure. In 1985, a self-insurance fund was established as an internal service fund to administer the City's insurance program for general liability for all City departments and funds.","2009-12-31","Risk note identical in 2010 AFR (Note 6). 2008 proposed budget (Wayback, scanned; OCR in binghamton/ocr_budget2008_proposed/p46.txt) p.40 'GENERAL - UNALLOC INSURANCE': A1910.4421 Insurance = .00 (2006 expended), .00 (2007 adopted), 191,700 (2008 proposed). Insurance Fund M revenue 'M1910.1270 Shared service charges-liab $378,818' = A1910 191,700 + F1910 97,500 + G1910 84,746 (+ others), i.e. the 1910 line is each fund's charge-back to the self-insurance internal service fund, first coded to 1910 in 2008. 2009 budget carries A1910 191,700 again. Live site binghamton-ny.gov returns 403 (Akamai); all docs via Wayback. OSC 2015M-280 covers health insurance only."
"Town of Cheektowaga","Erie","2019","to_self_insured","recoding_or_artifact","self_insured","self_insured","https://tocny.org/wp-content/uploads/2019/08/Town-of-Cheektowaga-NY-CAFR-Financial-Statements-12.31.2017-letterhead.pdf","The Town also retains risk related to general liability. All other risks of loss are covered through the purchase of commercial insurance. The Town purchases insurance for: automobile and general liability.","2017-12-31","Risk Management note is word-for-word identical in the 2017, 2018, 2019, 2020 and 2021 ACFRs (cheektowaga/acfr2017..2021.txt); it also says the Town purchases auto and general liability policies limited to $1M per occurrence / $10M aggregate, so structure is retained GL risk plus a purchased GL layer (not NYMIR; not on subscriber list). Adopted budgets 2018-2021 (scanned, OCR in cheektowaga/ocr_budget*/) carry premiums and losses in fund 101 Self-Insurance Fund, not in a general-fund 1910 line: 101.1710.4101 Insurance Premiums 317,000 (2018) / 325,000 (2019) / 346,000 (2020) / 362,000 (2021); 101.1932.4703 General Liability Losses 575,000 every year. Nothing in the Town's own documents moves in 2019; the OSC 1910 collapse to $0 is an AUD coding change."
"Town of Ramapo","Rockland","2018","to_insured","recoding_or_artifact","commercial","commercial","https://www.ramapo.gov/uploads/finance/1574797023_2020%20Adopted%20Budget%20Consolidated.pdf","FUND - A - GENERAL FUND BUDGET UNIT - 1910A - UNALLOCATED INSURANCE ... 1910A 341710 640,000 834,367 770,000 761,595 795,000 INSURANCE ADMINISTRATION","2019-11-19","Columns are 2018 budget, 2018 actual, 2019 budget, 2019 actual, 2020 adopted. The 2016 adopted budget (Wayback copy of ramapo.org) carries the same account 341710 Insurance Administration inside internal service fund CSL (budget unit 1710CSL): 676,996 (2014 actual), 674,668 (2015), 682,520 (2016); the 2020 budget shows 1710CSL 341710 = 0 for 2018-2020. The premium simply moved from the CSL fund to General Fund 1910A in the 2018 budget. Audited FS risk note is identical 2016 through 2025: general liability insurance policy with a $50,000 per-occurrence deductible and $200,000 annual maximum, workers' comp self-insured to $900,000 with excess coverage. Not a NYMIR member."
"City of Lockport","Niagara","2012","to_self_insured","recoding_or_artifact","commercial","commercial","https://web.archive.org/web/20111218164557id_/http://elockport.com/uploads/07-20-2011minutes.pdf","The sum of $45,000 payable as follows: (a) $25,000 from the City of Lockport and (b) $20,000 from the City's insurance company.","2011-07-20","Moderate-low confidence: no City financial statements or budgets before 2016 could be found (the Wayback 'PDFs/2012/2011LockportFinancialStatements.pdf' and '2012LockportBudget.pdf' on elockport.com are the TOWN of Lockport's; lockportny.gov has no captures before 2015). Before: July 20, 2011 Common Council settlement resolution shows an insurer paying part of a claim (Corporation Counsel and 'Insurance Defense Counsel'). After: 2016 FS note 12 lists per-line deductibles ('General Liability - $0 - $1,000 ... Automobile Liability - $0 - $2,500') despite boilerplate 'self-insured' wording; 2019 and 2024 FS note: 'The City purchases commercial insurance for various risks of loss due to torts, thefts, damage, errors, omissions, injuries to employees, and natural disasters.' Only WC and health are self-funded. City is a current NYMIR subscriber. 2016 budget codes insurance at A.1900.4100 ($272,650 2013 actual; $350,000 2016), not 1910 (A.1910 is sewer/water funds only), so the 2012 drop is consistent with the city's accounting overhaul (OSC 2014M-238 found 2012 records had 'significant discrepancies')."
"City of Oswego","Oswego","2007","to_insured","unverified","unknown","self_insured","https://web.archive.org/web/20101104033736/http://oswegony.org/documents/200912.31FinancialReportCityofOswego.pdf","The City assumes the liability for most risk including, but not limited to, property damage and personal injury liability.","2009-12-31","Post-break FS (FY2009) still describes self-insurance via an internal service Self-Insurance fund 'established ... in lieu of purchasing insurance coverage', which contradicts to_insured; same FS MD&A cites 'savings from preferred insurance rates', so some coverage was bought. 2011 adopted budget: A1910 $248,834 (2009 actual), $300,000 (2010), $290,000 (2011). City is a NYMIR member by 2017 (2017-06-05 Admin Services agenda: 'The city's insurance carrier, NYMIR, denied the claim'); join date not found. No pre-2007 document located (Wayback oswegony.org has no 2005-2008 FS/budgets; document center starts ~2016; EMMA requires accepting terms, skipped). Lean: A1910 began carrying the general fund's insurance/self-insurance charge in 2007 (recoding), but undocumented."
"County of Madison","Madison","2016","to_self_insured","recoding_or_artifact","commercial","commercial","https://www.madisoncounty.ny.gov/Archive.aspx?ADID=317","The County purchases commercial insurance coverage and is self-insured for the deductible portion of its general liability risks. ... There was no change in commercial coverage during 2016","2016-12-31","Identical risk note in every audited FS 2009-2024 (ADID 54-60, 317, 342, 447-562): commercial insurance with self-insured deductible, no change in coverage. The 1910 collapse is a coding change, not a financing change."
"County of Franklin","Franklin","2012","to_insured","unverified","unknown","commercial","https://www.franklincountyny.gov/2016%20audit.pdf","These risks are covered by commercial insurance purchased from independent third parties. Settled claims from these risks have not exceeded commercial insurance coverage for the past three years.","2016-12-31","Earliest audited FS online is FY2016 (scanned, OCR'd); FY2025 FS has the same 'commercial insurance' note although Franklin County is on the 2026 NYMIR list (auditors may be calling NYMIR commercial). No FY2010-2014 FS, budget detail, or legislature minutes found (Wayback franklincony.org holds only scanned 2008-2010 minutes and election results); OSC 2013M-252 and 2016M-366 silent on liability insurance."
"Village of Harrison","Westchester","2006","to_self_insured","recoding_or_artifact","self_insured","self_insured","http://web.archive.org/web/20250210234623/https://www.harrison-ny.gov/sites/g/files/vyhlif12191/f/file/file/2008_adopted_budget.pdf","4430 Gen'l Liability-Self Ins 88,654 110,000 100,000 410,000 / 4431 Legal/Oth/Genliab/Selfins 149,160 425,000 205,000 125,000 / 4436 Insurance Premiums 182,698 185,000 185,000 185,000","2008-01-01","OCR of scanned 2008 adopted budget; columns are 2006 actual, 2007 budget, 2007 year-end estimate, 2008 adopted; lines sit under Special Items 1-1900. The 2005 and 2006 adopted budgets show the same three lines (2003 actual: self-ins 94,374 + premiums 166,724; 2004 actual: 144,595 + 161,009; 2006 adopted: 114,000 + 182,698, premiums footnoted as Arthur J. Gallagher annual insurance), and the 2009 and 2012 budgets still carry them (2007 actual 101,328/276,438/172,260; 2012 adopted 190,000/200,000/120,000). Harrison has been self-insured for general liability with purchased premiums for other lines on both sides of 2006; the pre-2006 OSC 1910 total (~$290K) matches self-ins + premiums, which continue after 2006 under budget code 1900, so the drop to zero is an AFR coding change. No audited FS located (site blocks fetches; none archived)."
"City of Niagara Falls","Niagara","2009","to_insured","recoding_or_artifact","self_insured","self_insured","http://www.niagarafallsny.gov/Documents/Government/Department/Controller/2013%20CNF%20Financial%20Stmts.pdf","The City has determined that it was not economically justifiable to carry insurance for risks or loss related to torts and other general liability claims except for amounts in excess of $750,000.","2013-12-31","Same note in every FS 2013-2024 (retention $1,000,000 from 2016; Self Insurance Fund created 2019). No FS before 2013 is posted or archived. 2010 adopted budget (Wayback egovlink, scanned; OCR niagara-falls/ocr_budget2010/p97.txt) shows Dept A.1910 Unallocated Insurance contained only 'Medical Insurance': 2006 actual 0, 2007 32,558, 2008 26,899, 2009 adopted 19,375, 2010 0; liability premiums are allocated to departments as object 0433 'Liability Insurance' continuously 2006-2010 (e.g. police 33,056 / 35,535 / 28,299 / 32,835 / 30,383). The ~$280K jump the OSC data shows in 1910 for 2009 does not exist in the City's own budget, so it is an AUD coding change; structure (large SIR + excess via NYMIR, current subscriber) unchanged. Before-side structure is inferred from the budget pattern, not a risk note."
"County of Greene","Greene","2010","to_self_insured","recoding_or_artifact","self_insured","self_insured","https://greenecountyny.gov/wp-content/uploads/2025/03/Financial-Statement-2007.pdf","The County assumes the risk for general liability. ... The County maintains a risk retention reserve which is included in the General Fund.","2007-12-31","Same sentence appears verbatim in the FY2013 FS and FY2022 FS. AFRs (county site): A1910 = $205,498 (2007), $134,415 (2008), $171,836 (2009), $0 (2010), $26,091 (2011); 'participate in an insurance pool? No' in FY2008, FY2009, FY2011 AFRs. General liability was self-assumed before and after 2010; the pre-2010 A1910 dollars were other coverages that moved lines. County is on the 2026 NYMIR list (joined after 2011; coverage scope unknown)."
"Town of Kent","Putnam","2013","to_insured","recoding_or_artifact","commercial","commercial","http://web.archive.org/web/20161215225235/http://www.townofkentny.gov/sites/kentny/files/file/file/2013_approved_budget.pdf","A.1910.431 UNALLOCATED INSURANCE.INSURANCE-OTHER 0.00 0.00 25,000.00 25,000.00 14,955.09 232,020.00 232,020.00 232,020.00 828.08% / A.3120.431 POLICE.INSURANCE-OTHER 0.00 81,121.82 81,503.00 81,503.00 48,872.43 0.00 0.00 0.00 -100.00%","2012-11-15","OCR of scanned 2013 adopted budget (Town Board vote 15 Nov 2012). Every departmental .431 Insurance-Other line (police 81,503; legislature 25,163; buildings 19,982; central garage 9,390; highway admin 6,291; parks 5,217; court, finance, clerk, etc.) goes to zero in 2013 while 1910.431 rises from 25,000 to 232,020. The 2014 budget shows 2013 actual 223,697.89 and 2014 adopted 230,000; the 2013 audited FS shows 1910 budget 10,000 vs actual 223,785. Audited FS risk notes for 2012 and 2014 are word-for-word identical: the Town purchases conventional insurance coverages, general liability and umbrella policies with coverage up to $2 million and $20 million. Kent is on the 2026 NYMIR list but no document dates the membership; if it began in 2013 it is a carrier change within an insured structure, not a move out of self-insurance."
"City of Glen Cove","Nassau","2004","to_insured","unverified","unknown","self_insured","https://cdn.townweb.com/glencoveny.gov/wp-content/uploads/2025/11/2024_Audited_Financial_Statements.pdf","The City is currently self-insured for general, auto, police and fire liability and worker's compensation claims. The City purchases conventional property and casualty insurance to reduce its exposure to loss from damage or fire to City owned properties.","2024-12-31","No 2002-2006 document found: city site budgets start 2013 and audited FS start 2015; Wayback has nothing financial for the old glencove-li.com site; OSC city audits start 2013. The 2013 adopted budget shows a standing self-insurance Insurance Fund (MS) with 2009 actuals of $517K (liability $261K, workers' comp $254K) plus General Fund A1910-55950 Property Insurance $87.5K (2009), and the 2015, 2020 and 2024 FS all say the City is self-insured for liability (2024 adds a general liability policy with a $250,000 retention). The to_insured direction contradicts a city that has been self-insured at least since 2009; the 2004 jump is most plausibly premiums or the MS fund being first reported under 1910, but that is a guess. Glen Cove is on the 2026 NYMIR list while FS through FY2024 never mention NYMIR; the NYMIR relationship may be the retention-bearing GL policy (uncertain)."
"Village of Scarsdale","Westchester","2013","to_insured","recoding_or_artifact","commercial","commercial","https://www.scarsdale.gov/Archive.aspx?ADID=49",".451 General Liability Insurance 466,688 501,332 521,074 600,219 648,237","2014-04-30","FY2014-15 adopted budget, Non-Departmental Items / Special cost center; columns are 2011-12 actual, 2012-13 actual, 2013-14 adopted, 2013-14 est/mod, 2014-15 adopted. The FY2011-12 budget shows the same line at 377,190 (2008-09 actual), 391,904 (2009-10 actual), 492,818 (2010-11 adopted). A $400K-650K commercial general liability premium is budgeted continuously from FY2009 through FY2015 in the same place, so the OSC 1910 jump in FY2013 (from ~$9K) is a change in how the AFR coded an existing premium. Audited FS FY2016 (ADID=106) and FY2025 (ADID=195) risk notes are identical: the Village purchases general liability and public entity management liability coverage with $2 million limits plus a $15 million umbrella; the FY2025 letter of transmittal notes deductibles/self-insured retentions on those policies. Not a NYMIR member; the Human Resources Director procures liability and workers' comp insurance per the budget narrative."
"Town of Evans","Erie","2017","to_insured","recoding_or_artifact","unknown","commercial","https://townofevansny.gov/docs/audit/2017-annual-financial-report-update-document/?layout=file","Self Insurance Admin, Pers Serv 160,945 A17101 / Unallocated Insurance, Contr Expend A19104 166,278","2017-12-31","Quote is OCR of the 2017 AUD general-fund expenditure page (columns: 2016 | code | 2017; evans/ocr_aud2017/p7.txt). In 2016 the Town reported $160,945 under A1710.1 'Self Insurance Admin' and nothing under 1910; in 2017 it reported $166,278 under A1910.4 and nothing under 1710: same-size amount, new code. Same AUD: 'Trans To Risk Retention Fund 95,000 A99029' in 2016 only; 'Insurance Reserve 514,112 A863' both years. 2007, 2008 and 2011 budgets (Wayback, OCR) carry a separate 'Risk Retention/Insurance Reserve' fund: MS1710 Administration 175,000 + MS1930 Judgements/Claims/Property Loss 175,000, funded by A9901 transfers. 2019 and 2024 FS note: 'The Town purchases commercial insurance for: property coverage, general liability coverage, inland marine, employment practices liability ...' GL $1M/$3M. Town of Evans is on the 2026 NYMIR subscriber list; no document found giving a join date; 2016-2017 Town Board minutes captured by Wayback (several truncated at 1 MB or scanned/OCR'd) contain no insurance item. Site blocks curl (403); files obtained via WebFetch; 2018 AUD exceeds the 10 MB fetch limit."
"Village of Endicott","Broome","2009","to_self_insured","recoding_or_artifact","commercial","commercial","https://plum-bronze-6a2j.squarespace.com/s/VoE-Budget-25-26.xlsx","A 1910 4310 Unallocated Insurance 34622 49996.22 44979.05 45242.92 203040.76 63901.34 33384.57 32117.45 27412.88 29896.27","2025-04-21","Quote is the General Fund row (cells joined by spaces) of the Village's 2025-26 budget worksheet, whose actual columns run FY2002-03, 03-04, 04-05, 05-06, 06-07, 07-08, 08-09, 09-10, 10-11, 11-12 ...: 1910 = $45,243 (05-06), $203,041 (06-07), $63,901 (07-08), $33,385 (08-09), $32,117 (09-10). In FY2006-07 every departmental '4310 Prop & Liab Ins' line is blank while 1910 spikes; in all other years the premiums sit in departmental 4310 lines (e.g. police row: 52,972 / blank / 62,977 / 67,125; DPW 29,414 / blank / 26,935 / 27,000). Electric Fund '4310 General Liability Insurance' $25,907-$43,224 continuous 2002-2025; Library '4310 Liability Insurance'. Structure is purchased commercial insurance throughout: June 26, 2006 minutes 'accept Partners Insurance as the Village's liability insurance carrier'; Nov 27, 2006 appoint Appleton as insurance broker and Res. 44-06 PERMA for workers' comp (endicott/ocr_minutes2006). Not a NYMIR subscriber. No 2008-2010 minutes archived; OSC budget reviews 2013-2017 silent on insurance."
"Village of Baldwinsville","Onondaga","2012","to_self_insured","unverified","unknown","unknown","https://web.archive.org/web/20150804011842/http://www.baldwinsville.org/documents/category/68-village-budget?download=515:2014-2015-adopted-budget","Unallocated Insurance A1910.4 155,000 144406 65,000.00 37,438.05 65,000.00 65,000.00","2014-03-01","Budgets (Wayback): A1910.4 actual $150,417 FY07-08; budget $188,079 FY09-10; actual $133,571 FY11-12 and $144,406 FY12-13; then $65,000 budget FY13-14 (actual-to-date $37,438) and $65,000 FY14-15. No other general-fund insurance line appears (only life/disability/medical), so the premium genuinely fell rather than moving lines, but nothing documents why (no audited FS; board minutes 2012-2014 not archived; not on NYMIR list). Timing: observed drop is FY2013-14 (OSC FY2014), later than break_year 2012."
"Village of Atlantic Beach","Nassau","2016","to_insured","unverified","unknown","commercial","https://storage.googleapis.com/juniper-media-library/568/2026/04/2018%20%E2%80%93%202019%20Budget.pdf","64310 Insur. Public Official 12,000.00 17,000.00 (5,000.00) / 64311 Insur. - Fire & Liab 83,000.00 78,191.43 4,808.57 / 64320 Insurance Flood Ins 18,000.00 22,438.00 (4,438.00) / 64325 Inland Marine Insurance 5,000.00 4,511.00 489.00","2019-05-31","OCR of scanned FY2018-19 board report (budget vs expenses to 5/31/2019). Purchased premiums of roughly $125K (public official, fire and liability, flood, inland marine, truck) are booked under department 1620 Shared Service, not 1910, so the OSC 1910 series depends on AFR mapping; with ~1,700 residents, 85.25 per resident is about $145K, consistent with these premiums starting to be reported as 1910 in 2016. No pre-2016 budget is online (budgets start FY2018-19); 2016 board minutes (Mar 14, Oct 17, Oct 20) do not mention insurance; OSC audits 2018M-253 and 2018M-254 are silent on liability coverage; no audited FS posted. Village is not a NYMIR member. The FY2026-27 budget still shows the same purchased lines (Fire & Liab 150,000; Public Official 62,000)."
"Village of Sidney","Delaware","2016","to_insured","unverified","unknown","pool:NYMIR","https://www.villageofsidney.org/Document%20Center/Village%20Documents/2020/Tentative%20General%20Budget%202020-2021.pdf","Unallocated Insurance A1910.400 96,877.42 100,126.16 100, 367.23 100,000.00 100,400.00 102,000.00 2.00","2020-03-23","Only post-break numbers available (A1910.400 actual $96,877 FY2017-18, $100,126 FY2018-19). structure_after = NYMIR per 2026-07-31 subscriber list; join date unknown. 2015-2016 board minutes lived on a Google Site that Wayback did not capture (404) and now requires sign-in; 2017 minutes (live site) contain no insurance-structure discussion; OSC 2023M-14 silent. villageofsidney.com is Sidney, Illinois (ignore)."
"Village of Lake Placid","Essex","2011","to_self_insured","recoding_or_artifact","unknown","commercial","https://cms2.revize.com/revize/northelba/Document%20Center/Department/Village%20Finance/975.pdf","Most of the Village's insurance, including workers' compensation, is covered through annual policies with third-party companies.","2019-07-31","Post-break structure is insured, not self-insured. FY2022-23 adopted budget codes premiums on departmental/fund lines (police CASUALTY INSURANCE $44,000; fire PROP AND CASUALTY INSURANCE $29,500 + INSURANCE VOLUNTEERS $23,000; water FX1910 $35,000; electric fund INSURANCE EXPENSE) while A1910 is only $32,000, so the A1910 line captures a fraction of premiums. Pre-2011 side undocumented: 2009-2011 village minutes PDFs were not archived; northelba.org archives are Town of North Elba only. Village is on the 2026 NYMIR list."
"Village of West Haverstraw","Rockland","2010","to_insured","unverified","unknown","commercial","https://www.westhaverstraw.gov/Audited%20Financial%20Statements%20FY2025.pdf","The Village is exposed to various risks of loss related to torts, theft, damage, injuries, errors and omissions, natural disasters, and other risks. These risks are covered by commercial insurance purchased from independent third parties.","2025-05-31","OCR of scanned FY2025 audited FS, note K Risk Management. The 2024-25 adopted budget shows A1910.4 LIABILITY INS 166,283 (2023-24 actual) and 195,000 budgeted, so the post-break level (~$134K in 2024 dollars at the break) matches a purchased liability premium carried in 1910. The March 2013 tentative-budget letter says medical, liability and workers' compensation insurance costs continue to rise dramatically, and budgets carry a small A2683 Self Insurance Recoveries revenue line (~$1K-28K), which hints at some self-insured component (line unknown). Nothing from 2008-2012 is online: the old westhaverstraw.org WordPress site starts in 2013 and Wayback rate-limited before the FY2018 audit and 2015-16 budget PDFs could be pulled; OSC audits 2019M-143/146 do not discuss liability coverage. Not a NYMIR member."
"Village of Woodbury","Orange","2010","to_insured","unverified","unknown","unknown","http://web.archive.org/web/20211202190238/https://villageofwoodbury.com/documents-notices/document-center/village-budget/1025-village-budget-for-fy-2019-2020/file.html","A 1910.400 Unallocated Insurance : $132,111.07 $135,833.71 $140,000.00 $155,000.00 $15,000.00","2019-04-30","OCR of scanned FY2019-20 village budget (columns: two prior-year actuals, FY2018-19 budget, FY2019-20 adopted, change). The village carries ~$130K-155K of unallocated insurance a decade after the break; the Town of Woodbury's own FY2012 budget separately carries A1910.400 $41K, B1910.400 $57.5K and DB1910.400 $40.7K (2010 actuals), so town and village each pay their own premiums. The village was incorporated in 2006 and became coterminous in 2006-07; the 2010 jump (~$44K to ~$160K) could be the village placing its own full policy or absorbing functions from the town, but no document confirms it. Village board minutes for the April 2009 and April 2010 budget adoptions were listed on the 2010 village site but are not retrievable from Wayback, villageofwoodbury.com returns 403 to automated fetches, and the only archived 2009 minutes (Nov 24, 2009) mention insurance only for a totaled truck. Woodbury is on the 2026 NYMIR subscriber list; membership start date unknown, so structure_after is left unknown rather than asserting NYMIR at the break."
"Village of Owego","Tioga","2008","to_self_insured","unverified","unknown","commercial","https://web.archive.org/web/20170108015300/http://www.villageofowego.com/sites/owegony/files/news/2014_07_30_financial_report_village_of_owego.pdf","These risks are covered by commercial insurance purchased from independent third parties. Settled claims from these risks have not exceeded commercial insurance coverage for the past three years.","2014-07-31","After-side only. 2019-20 adopted budget allocates premiums to departments with no 1910 line: A.1325.40.270 Insurance Clerk 17,500; A.1490.40.270 Insurance DPW 42,300; A.3120.40.270 Insurance OPD 41,000; A.3410.40.270 Insurance Fire 53,500 (owego/budget19-20.txt), which is consistent with a recoding, and the Village is a current NYMIR subscriber. But nothing from 2005-2009 could be found: villageofowego.com Wayback captures before 2010 hold only riverwalk/planning PDFs, 2010 board and budget-meeting minutes (Wayback) are silent on insurance, the current site posts budgets only from 2015-16, and OSC has no Owego village audit before 2015M-30 (no insurance content). Verdict left unverified rather than inferred."
"Village of Weedsport","Cayuga","2005","to_insured","unverified","unknown","pool:NYMIR","https://www.osc.ny.gov/files/local-government/audits/2025/pdf/weedsport-village-2025-76.pdf","","2025-12-12","No village website exists or is archived (weedsportny.com parked; villageofweedsport.org/.com/.net, weedsportny.gov, weedsportvillage.org all dead with zero Wayback captures; weedsport.org is the school district; cayugacounty.gov blocks fetches). OSC 2025M-76 has zero insurance mentions. structure_after = NYMIR per 2026-07-31 list only; 2005 jump from ~$0 is consistent with either joining NYMIR or first coding premiums to A1910, undocumented."
"Village of Cayuga Heights","Tompkins","2005","to_insured","real_switch","commercial","pool:NYMIR","https://web.archive.org/web/20051113140934/http://www.cayuga-heights.ny.us/VCH-FY05-AUD-AFR.pdf","3) Does your local government participate in an insurance pool with other local governments? Yes","2005-05-31","FY2003 and FY2004 AFRs answer the same question 'No'; FY2005 answers 'Yes'. A19104: $4,701 (FY03), $7,123 (FY04), $61,383 (FY05). FY06 budget (Wayback fy06budget.pdf) shows the same-year consolidation: POLICE: Insurance A3120.430 $21,193 FY04 actual -> $375 FY05 actual while A1910.410 $7,123 -> $75,299; FY04 total insurance across lines ~$88k vs ~$135k+ FY05. Pool not named in the AFR; village is on the 2026 NYMIR list. Both a real switch (departmental commercial policies -> pool) and a line consolidation."
