entity_name,cls,fiscal_year,structure,arrangement_text,pool_name,sir_per_occurrence,excess_limit,self_funded_health,wc_self_insured,liability_claims_paid_latest_fy,source_doc_url,source_page,quote,status,labeled_on,confidence
County of Albany,county,2024,commercial,"commercial (all-risks policy excluding workers' comp, with cash deductibles of varying amounts)",,,,yes,yes,,https://app.fac.gov/dissemination/report/pdf/2024-12-GSAFAC-0000379661,"Note 13 Risk Financing Activities, printed p.61-62 (PDF p.63-64); Note 1 ISF policy printed p.34","The County has purchased an insurance policy for all risks (excluding workers’ compensation), which includes a cash deductible with varying amounts per occurrence and in the aggregate per claim year.",ok,2026-10-08,high
County of Allegany,county,2024,self_insured,self_insured (general liability financed through internal service funds; no excess liability coverage stated),,,,yes,yes,,https://app.fac.gov/dissemination/report/pdf/2024-12-GSAFAC-0000381579,"Note 12 Risk Management, printed p.52-53 (PDF p.54-55)","The County uses the internal service funds to account for and finance risks for workers compensation, health insurance and general liability.",ok,2026-10-08,high
County of Broome,county,2024,self_insured,"self_insured (liability claims handled internally via General Liability Self-Insurance ISF; property policy with $50,000 SIR and $200,000,000 limit; cyber $3,000,000 with $25,000 SIR)",,,200000000,yes,yes,,https://broomecountyny.gov/sites/default/files/dept/omb/pdfs/Broome%20County%20ACFR%2012.31.24%20ELECTRONIC.pdf,"Note 10 Risk Management, printed p.64-67 (PDF p.85-88)",The County assumes liability for most risk including property damage and personal injury liability.,ok,2026-10-08,high
County of Cattaraugus,county,2024,self_insured_with_excess,self_insured_with_excess (county assumes most risk incl. personal injury liability; commercial excess liability),,,10000000,yes,yes,,https://www.cattco.gov/sites/default/files/2026-05/ACFR%2C%20Cattaraugus%20County%2C%20NY%20-%2012.31.2024.pdf,"Note 9 Risk Management, printed p.59-60 (PDF p.81-82)","Risk Management—The County carries commercial excess liability insurance of $10,000,000 per occurrence with a $20,000,000 aggregate annual limit for its government operations.",ok,2026-10-08,high
County of Cayuga,county,2024,self_insured_with_excess,"self_insured_with_excess (tort losses retained $250,000 per occurrence; commercial coverage above)",,250000,1000000,yes,unclear,,https://app.fac.gov/dissemination/report/pdf/2024-12-GSAFAC-0000381059,"Note 9 Risk Management, printed p.61-62 (PDF p.73-74)","Under the program, losses for torts are $250,000 per occurrence.",ok,2026-10-08,high
County of Chautauqua,county,2024,commercial,"commercial (liability policies with deductibles of $25,000-$100,000 per occurrence; excess umbrella to $30,000,000)",,25000,30000000,unclear,yes,,https://app.fac.gov/dissemination/report/pdf/2024-12-GSAFAC-0000378727,"Note 9 Risk Management, printed p.51-52 (PDF p.62-63)","The County has purchased insurance for bodily injury, property damage, employee liability, public official liability, automobile, network security, business and business personal property with deductibles ranging from $25,000 to $100,000 per occurrence.",ok,2026-10-08,high
County of Chemung,county,2024,commercial,"commercial (liability policies; retained exposure limited to policy deductibles, carried in Self Insurance Fund)",,,,yes,yes,944169,https://app.fac.gov/dissemination/report/pdf/2024-12-GSAFAC-0000372312,"Note 8 Risk Retention, printed p.61 (PDF p.63)","The County holds various liability policies, therefore the estimated amount of liability related to general liability is limited to various liability policy deductibles.",ok,2026-10-08,high
County of Chenango,county,2024,mixed,"mixed (county assumes some general liability and substantially all vehicle risks, Sheriff's Department risks; $1,964,136 General Fund reserve; remainder presumably commercial, not detailed)",,,,yes,yes,,https://app.fac.gov/dissemination/report/pdf/2024-12-GSAFAC-0000379569,"Note 1 Self-Insurance policy, printed p.26-27 (PDF p.41-42); Notes 15-17, printed p.47-48 (PDF p.62-63)",The County assumes the liability for some general liability and substantially all of its vehicle risks.,ok,2026-10-08,low
County of Clinton,county,2024,commercial,commercial,,,,no,yes,,https://app.fac.gov/dissemination/report/pdf/2024-12-GSAFAC-0000380624,"Note 11 Risk Management, printed p.38 (PDF p.40); Note 1 policy printed p.26 (PDF p.28)","The County purchases commercial insurance for various risks of loss due to torts, theft, damage, errors and omissions, and natural disasters.",ok,2026-10-08,high
County of Columbia,county,2024,commercial,commercial,,,1000000,yes,yes,,https://app.fac.gov/dissemination/report/pdf/2024-12-GSAFAC-0000382228,"Note 9 Risk Management, printed p.54-55 (PDF p.66-67); Note 1 Insurance policy PDF p.50",The general liability insurance is limited to $1 million per occurrence and an aggregate $3 million limit.,ok,2026-10-08,high
County of Cortland,county,2024,unknown,"unclear (policy note says County assumes liability for comprehensive general, auto and law enforcement liability funded in General Fund; contingencies note says risks covered by commercial insurance plus $4,000,000 excess liability)",,,4000000,yes,yes,,https://app.fac.gov/dissemination/report/pdf/2024-12-GSAFAC-0000384660,"Note 1(m) Self-Insurance, printed p.36 (PDF p.39); Note 6(c) Risk Management, printed p.61-63 (PDF p.64-66)","The County assumes the liability for most risk including comprehensive general liability, auto liability, and law enforcement liability.",ok,2026-10-08,low
County of Delaware,county,2024,self_insured,"self_insured (county assumes most risk incl. comprehensive general, auto and law enforcement liability; funded by budget appropriations; no excess coverage stated)",,,,unclear,yes,,https://app.fac.gov/dissemination/report/pdf/2024-12-GSAFAC-0000376565,"Note 1(i) Self-Insurance, printed p.30-31 (PDF p.33-34)","(1) General Liability - The County assumes the liability for most risk including comprehensive general liability, auto liability, and law enforcement liability.",ok,2026-10-08,high
County of Dutchess,county,2024,commercial,"commercial (general liability $1,000,000 per occurrence / $2,000,000 aggregate; $1,000,000 estimated general claims accrued)",,,1000000,unclear,yes,,https://www.dutchessny.gov/Departments/Comptroller/Docs/2024-Audited-Financial-Statements.pdf,"Note 10 Risk Management, printed p.70-71 (PDF p.75-76)",The general liability insurance is limited to $1 million per occurrence and an aggregate $2 million limit.,ok,2026-10-08,high
County of Erie,county,2024,self_insured,"self_insured (property damage, personal injury liability, medical malpractice, workers' comp all retained; only minor commercial policies)",,,,unclear,yes,,https://www4.erie.gov/comptroller/sites/www4.erie.gov.comptroller/files/2025-07/erie-county-annual-comprehensive-financial-report-12.31.2024.pdf,"Note 11 Risk Management, printed p.63-64 (PDF p.94-95); combined judgments & claims payments $10,670 thousand in 2024 (not GL-specific)","The County assumes the liability for risks relating to property damage, personal injury liability, medical malpractice and workers’ compensation.",ok,2026-10-08,high
County of Essex,county,2024,commercial,commercial (county retains only unemployment and workers' comp; purchases insurance for all other risks),,,,yes,yes,,https://app.fac.gov/dissemination/report/pdf/2024-12-GSAFAC-0000375464,"Note 8 Risk Management, printed p.46-47 (PDF p.56-57)",The County purchases insurance for claims in excess of coverage provided by the internal service funds and for all other risks or loss.,ok,2026-10-08,high
County of Franklin,county,2024,commercial,commercial,,,,yes,yes,,https://app.fac.gov/dissemination/report/pdf/2024-12-GSAFAC-0000381427,"Note F Other Insurance, printed p.80-81 (PDF p.83-84); Note B self-insured health printed p.80",These risks are covered by commercial insurance purchased from independent third parties.,ok,2026-10-08,high
County of Fulton,county,2024,unknown,"unclear (risk note covers only workers' comp, disability and unemployment; general liability arrangement not described)",,,,unclear,yes,,https://app.fac.gov/dissemination/report/pdf/2024-12-GSAFAC-0000379839,"Note 10 Risk Financing Activities, printed p.38-39 (PDF p.41-42)","The County is exposed to various risks of loss related to workers’ compensation, disability, and unemployment.",ok,2026-10-08,low
County of Genesee,county,2024,commercial,"commercial (general liability limit $10,000,000 for 2024; coverage $5,000,000 per incident / $10,000,000 aggregate)",,,5000000,yes,yes,,https://www.geneseeny.gov/files/sharedassets/county/v/2/treasurer/financial-statements/2024.pdf,"Note 9 Risk Management, printed p.56-57 (PDF p.67-68)","The general liability commercial insurance limit for 2024 was $10,000,000 for County operations.",ok,2026-10-08,high
County of Greene,county,2024,self_insured,self_insured (county assumes general liability risk; risk retention reserve in General Fund; no excess stated),,,,unclear,yes,,https://greenecountyny.gov/wp-content/uploads/2025/10/2024-Independent-Auditor-Financial-Statment.pdf,"Note 1 Insurance policy, printed p.33 (PDF p.40); Self-Insurance contingency note, printed p.53 (PDF p.60)",The County assumes the risk for general liability.,ok,2026-10-08,high
County of Hamilton,county,2024,commercial,"commercial (general liability, umbrella, abuse and molestation $1,000,000 per occurrence / $3,000,000 aggregate)",,,1000000,unclear,no,,https://app.fac.gov/dissemination/report/pdf/2024-12-GSAFAC-0000374926,"Note 8 Risk Management, printed p.37-38 (PDF p.49-50)","The general liability, umbrella, and abuse and molestation insurance is limited to $1 million per occurrence and an aggregate $3 million limit.",ok,2026-10-08,high
County of Herkimer,county,2024,commercial,"commercial (general liability, automobile, police protection policies; immaterial deductibles)",,,,yes,yes,,https://app.fac.gov/dissemination/report/pdf/2024-12-GSAFAC-0000382549,"Note 18 Risk Management, printed p.63-64 (PDF p.66-67); Note 17 Contingencies self-insurance printed p.63","The County purchases commercial insurance for all other risks of loss. Coverage includes policies for general liability, automobile, and police protection.",ok,2026-10-08,high
County of Jefferson,county,2024,self_insured,self_insured (county assumes most risks incl. property damage and personal injury liability; minor commercial policies only),,,,yes,yes,,https://www.jeffersoncountyny.gov/media/Treasurer/Audited%20Financials/Audited%20Financial%20Statements%202024.pdf,"Note 10 Risk Management, printed p.58-59 (PDF p.70-71); combined claims & judgments payments $1,293,409 in 2024 (not GL-specific)","The County assumes the liability for most risks including, but not limited to, property damage, personal injury liability, employee health insurance, and workers’ compensation.",ok,2026-10-08,high
County of Lewis,county,2024,commercial,"commercial (general liability insured to $1,000,000 with $100,000 deductible per occurrence; $3,000,000 aggregate; umbrella $5,000,000)",,100000,1000000,yes,yes,,https://lewiscountyny.gov/wp-content/uploads/2025/07/Audited-Financial-Statement.pdf,"Note 9(b) Risk Management, printed p.53 (PDF p.55)","The County is insured up to $1,000,000 with a deductible of $100,000 per occurrence, subject to an aggregate annual limit of $3,000,000.",ok,2026-10-08,high
County of Livingston,county,2024,self_insured_with_excess,"self_insured_with_excess (general liability retained $250,000 per incident; commercial layer to $1,750,000 per incident / $3,000,000 aggregate; amounts above retained)",,250000,1750000,yes,yes,,https://www.livingstoncountyny.gov/Archive.aspx?ADID=1108,"Note 12 Other Information - Risk Management, printed p.66-67 (PDF p.69-70); Note 1 Insurance policy PDF p.42","The Countys risk relating to general liability is limited to $250,000 per incident plus amounts in excess of $1,750,000 per incident and $3,000,000 in the aggregate.",ok,2026-10-08,high
County of Madison,county,2024,commercial,commercial (self-insured only for the deductible portion of general liability),,,,yes,yes,,https://www.madisoncounty.ny.gov/Archive.aspx?ADID=562,"Note 18 Insurance and Commitments, printed p.51-52 (PDF p.54-55)",The County purchases commercial insurance coverage and is self-insured for the deductible portion of its general liability risks.,ok,2026-10-08,high
County of Monroe,county,2024,self_insured_with_excess,"self_insured_with_excess (risk management ISF retains uninsured risks; commercial insurance purchased above self-insured coverage; GL retention amount not stated; WC retained to $2,000,000 per claim)",,2000000,,yes,yes,,https://www.monroecounty.gov/files/finance/2024%20ACFR.pdf,"Note 17 Risk Management/Insurance, printed p.99 (PDF p.104); combined risk fund claim payments $100,671 thousand in 2024 (GL estimate $0.7M, not GL-specific)",The County purchases commercial insurance for claims in excess of self-insurance coverage provided by the fund and all other risks of loss.,ok,2026-10-08,high
County of Montgomery,county,2024,commercial,"commercial (all risks with minimal deductibles except pollution, health, unemployment and workers' comp)",,,,yes,yes,,https://app.fac.gov/dissemination/report/pdf/2024-12-GSAFAC-0000425083,"Note 14 Insured and Self-Insured Activities, printed p.38-39 (PDF p.40-41); Note 2 Risk Management policy PDF p.27","The County has directly purchased commercial insurance for all risk above with minimal deductible amounts except for certain pollution control risks, health benefits insurance, unemployment claims, and workers’ compensation insurance.",ok,2026-10-08,high
County of Nassau,county,2024,self_insured,"self_insured (self-insures everything except police helicopter property, selected leased facilities, fidelity/public official bonds and summer recreation program)",,,,no,yes,,https://www.nassaucountyny.gov/DocumentCenter/View/50165/Nassau-County-NY-2024-ACFR,"Note 23A Claims and Litigation, printed p.181-182 (PDF p.193-194); Note 1U Claims policy PDF p.118",Essentially all other risks are assumed directly by the County.,ok,2026-10-08,high
County of Niagara,county,2024,self_insured,"self_insured (self-insures all casualty, liability and crime exposures; property retained to $250,000 with excess property insurance)",,250000,,yes,yes,,https://app.fac.gov/dissemination/report/pdf/2024-12-GSAFAC-0000375379,"Note 9 Risk Management, printed p.58-59 (PDF p.62-63)",The County self-insures all of its casualty (liability and crime) exposures.,ok,2026-10-08,high
County of Oneida,county,2024,commercial,"commercial (GL, auto and police liability policies; combined stop-loss aggregate $550,000 across the three lines)",,,550000,no,yes,,https://oneidacountyny.gov/assets/AuditControl/Docs/Oneida-County-FS-2024.pdf,"PDF p.73-74 (printed 62-63), Note 9 Risk Management","The County purchases commercial insurance for all other risks of loss. Coverage includes policies for general liability, automobile, and police protection.",ok,2026-10-08,high
County of Onondaga,county,2024,self_insured_with_excess,self_insured_with_excess,,2000000,2000000,yes,yes,414717,https://onondaga.gov/comptroller/wp-content/uploads/sites/208/2025/12/2024ACFR-Final.pdf,"PDF p.73-74 (printed 43-44), Note 12 Risk Management","The County is self-insured for individual claims up to $2,000,000 and amounts greater than $20,000,000 for all liability (including environmental liability) and certain physical damage risks.",ok,2026-10-08,high
County of Ontario,county,2024,self_insured_with_excess,self_insured_with_excess (Internal Service Fund self-insurance program for property and liability; commercial insurance above program),,9000000,2000000,unclear,yes,249204,https://www.ontariocountyny.gov/Archive.aspx?ADID=2006,"PDF p.62-63 (printed 50-51), Note 8 Risk Management","The County is self-insured to cover such potential risks. Coverage is provided for up to a maximum of $9,000,000 per incident with a $18,000,000 aggregate annually.",ok,2026-10-08,high
County of Orange,county,2024,self_insured_with_excess,self_insured_with_excess,,1000000,1000000,no,yes,6630634,https://www.orangecountyny.gov/Archive.aspx?ADID=1386,"PDF p.106 (printed 85), Note 4B; rollforward PDF p.86, Note 3 Unpaid Claim Liabilities",The County is currently self-insured for liability and casualty claims but maintains conventional excess liability coverage with independent insurance carriers.,ok,2026-10-08,high
County of Orleans,county,2024,commercial,commercial,,,,unclear,yes,,https://app.fac.gov/dissemination/report/pdf/2024-12-GSAFAC-0000380409,"PDF p.52 (printed 50) Note 10; p.55 (printed 53) Note 13. Source: FAC single audit package (county site posts only the OSC Annual Financial Report, not audited statements)",The County maintains commercial insurance coverage covering each of those risks of loss.,ok,2026-10-08,high
County of Oswego,county,2024,commercial,"commercial (GL $1,000,000 per occurrence / $2,000,000 aggregate)",,,1000000,yes,yes,,https://app.fac.gov/dissemination/report/pdf/2024-12-GSAFAC-0000384013,"PDF p.50-51 (printed 46-47), Note 8 Risk Management. Source: FAC single audit package (county site posts no audited statements)","The County purchases insurance for general liability, property, automobile, building, law enforcement, crime, earthquake, flood and miscellaneous liability.",ok,2026-10-08,high
County of Otsego,county,2024,self_insured,"self_insured (general liability, auto and law enforcement liability; no excess coverage disclosed)",,,,unclear,yes,,https://app.fac.gov/dissemination/report/pdf/2024-12-GSAFAC-0000373080,"PDF p.35-36 (printed 23-24), Note 1 Self-Insurance. Source: FAC single audit package (county site posts no audited statements)","The County assumes the liability for most risk including comprehensive general liability, auto liability, and law enforcement liability.",ok,2026-10-08,high
County of Putnam,county,2024,pool,"pool (unnamed municipal reciprocal insurance company formed by NY municipalities, effective Sept 1, 1993; description matches NYMIR but name not given)",reciprocal,250000,1000000,unclear,yes,,https://putnamcountyny.gov/images/Departments/Finance/acfinancialreport/Final%202024%20County%20of%20Putnam%20ACFR.pdf,"PDF p.101 (printed 69), Note 4D Risk Management",The County purchases various insurance coverages from the reciprocal to reduce its exposure to loss.,ok,2026-10-08,high
County of Rensselaer,county,2024,commercial,"commercial (GL $1,000,000 per occurrence / $2,000,000 aggregate)",,,1000000,no,yes,,https://www.rensco.com/Archive.aspx?ADID=1080,"PDF p.69-70 (printed 57-58), Note 9 Risk Management",The general liability insurance is limited to $1 million per occurrence and an aggregate $2 million limit.,ok,2026-10-08,high
County of Rockland,county,2024,self_insured_with_excess,"self_insured_with_excess (self-insured GL, property damage and medical malpractice; commercial policy with $40 million coverage; no catastrophic coverage)",,,40000000,unclear,yes,,https://www.rocklandcountyny.gov/home/showpublisheddocument/7805/639008779173030000,"PDF p.112-113 (printed 92-93), Note 5B; combined ISF claims rollforward (WC+GL+unemployment, claims paid $6,995,538) PDF p.90 Note 4. Downloaded via browser (site blocks curl)","The County is currently self-insured for general liability, property damage and medical malpractice claims. In addition, the County maintains a commercial insurance policy, with coverage up to $40 million.",ok,2026-10-08,high
County of St. Lawrence,county,2024,self_insured,"self_insured (assumes liability for most risks incl. property damage and personal injury; commercial insurance covers only a portion, limits for liability not stated)",,,5000,unclear,yes,,https://www.stlawco.gov/sites/default/files/Treasurer/St.%20Lawrence%20-%20Financial%20Statements%20(letterhead)%2012.31.2024.pdf,"PDF p.64-65 (printed 53-54), Note 9 Risk Management","The County is self-insured and assumes the liability for most risks including, but not limited to, property damage, personal injury liability and as described above, workers' compensation.",ok,2026-10-08,high
County of Saratoga,county,2024,unknown,unclear (notes describe only the WC and health self-insurance plans; general liability arrangement not disclosed),,,,yes,yes,,https://www.saratogacountyny.gov/wp/wp-content/uploads/2025/11/Treasurer-FinancialReport-2024.pdf,"PDF p.60-61 (printed 57-58), Note 15 Internal Service Funds","As of January 1, 2016, the County established its own self-insurance health benefits plan.",ok,2026-10-08,low
County of Schenectady,county,2024,commercial,commercial (above minimal deductibles),,,,yes,yes,,https://app.fac.gov/dissemination/report/pdf/2024-12-GSAFAC-0000384806,PDF p.56-58 (printed 53-55) Note 8; p.64 (printed 61) Note 13 Risk Management. Source: FAC single audit package (county site posts no audited statements),The County and Community College have purchased commercial insurance for all risk above minimal deductible amounts except for certain health benefits insurance and workers' compensation insurance.,ok,2026-10-08,high
County of Schoharie,county,2024,commercial,commercial,,,,no,no,,https://app.fac.gov/dissemination/report/pdf/2024-12-GSAFAC-0000381900,"PDF p.44 (printed 41), Note 15 Risk Retention. Source: FAC single audit package (county web app serves only the auditor communications letter)",These risks are covered by commercial insurance purchased from independent third parties.,ok,2026-10-08,high
County of Schuyler,county,2024,unknown,"unclear (Note 1 says County assumes liability for most risk incl. personal injury liability, but Note 15 says lawsuits are adequately covered by insurance; no coverage terms disclosed)",,,,unclear,unclear,,https://app.fac.gov/dissemination/report/pdf/2024-12-GSAFAC-0000377424,PDF p.41 (printed 29) Note 1 Insurance; p.67 (printed 55) Note 15 Other Litigation. Source: FAC single audit package (county Document Center audits folder is empty),"The County assumes the liability for most risk including, but not limited to, property damage and personal injury liability.",ok,2026-10-08,low
County of Seneca,county,2024,self_insured_with_excess,self_insured_with_excess,,,1000000,unclear,yes,,https://www.senecacountyny.gov/Archive.aspx?ADID=93,"PDF p.59-60 (printed 48-49), Note 8 Risk Management","The County's self-insurance coverage applies to workers' compensation, general liability claims, and unemployment insurance.",ok,2026-10-08,high
County of Steuben,county,2024,unknown,"unclear (tort claims accrued in General Fund with $325,000 liability and a $2,078,884 fund-balance restriction for self-insurance, while the note also states losses have not exceeded commercial insurance coverage)",,,,yes,yes,,https://steubencountyny.gov/Archive.aspx?ADID=2648,"PDF p.65 (printed 62), Note 9 Risk Retention",For the past three fiscal years insurance losses have not exceeded commercial insurance coverage.,ok,2026-10-08,low
County of Suffolk,county,2024,self_insured_with_excess,self_insured_with_excess,,10000000,20000000,unclear,yes,68359378,https://suffolkcountyny.gov/Portals/2/documents/2024-ACFR-FINAL-7-31-2025.pdf,"PDF p.98 (printed 90), Note IV.A Risk management","Current self-insured retention per occurrence for liability is $10,000,000 with a limit of $20,000,000.",ok,2026-10-08,high
County of Sullivan,county,2024,commercial,"commercial (package policy with $75,000 liability SIR and $100,000 property SIR)",,75000,9000000,no,yes,22658,https://www.sullivanny.gov/sites/default/files/departments/treasurer/Sullivan%20County%20NY%20-%20ACFR%2012.31.2024.pdf,"PDF p.87-88 (printed 76-77), Note 9 Risk Management","Liability coverage under the package policy contains a $75,000 self-insured retention and property coverage under the package policy contains a $100,000 self-insured retention.",ok,2026-10-08,high
County of Tioga,county,2024,self_insured_with_excess,"self_insured_with_excess (Liability Insurance Fund retains first $50,000 third-party liability / $25,000 property; commercial insurance above)",,50000,,unclear,yes,,https://www.tiogacountyny.gov/media/ajujiax3/5611-2024-financial-statements.pdf,"PDF p.67 (printed 54), Note 14 Risk Management","The Liability Insurance Fund provides self-insurance coverage up to $25,000 for property-related claims and up to $50,000 for third-party liabilities.",ok,2026-10-08,high
County of Tompkins,county,2024,self_insured,self_insured (assumes all general liability and substantially all vehicle risk; no excess coverage disclosed),,,,no,yes,,https://www.tompkinscountyny.gov/files/assets/county/v/1/finance/documents/audited-financial-statements/tompkins-county-2024-financial-report.pdf,PDF p.46-47 (printed 29-30) Note 1 Self-Insurance; p.73-74 (printed 56-57) Note 15. Downloaded via browser (site blocks curl),The County assumes the liability for all general liability and substantially all of its vehicle risks.,ok,2026-10-08,high
County of Ulster,county,2024,commercial,"commercial (liability policies with deductibles; General Fund finances uninsured GL losses; deductible liability $1,990,000 at 12/31/2024)",,,,yes,yes,,https://www.ulstercountyny.gov/files/assets/countysite/v/1/finance/documents/annual-reports/2024/2024-annual-comprehensive-financial-report.pdf,PDF p.78-79 (printed 66-67) Note 3 Unpaid Claim Liabilities; p.96 (printed 84) Note 4A-B. Downloaded via browser (site blocks curl),The County is also exposed to risk of loss for deductibles of varying amounts under several liability insurance policies.,ok,2026-10-08,high
County of Warren,county,2024,commercial,"commercial (GL $1,000,000 per occurrence / $3,000,000 aggregate)",,,1000000,unclear,yes,,https://www.warrencountyny.gov/sites/default/files/treasurer/docs/finance/finance-a-2024.pdf,"PDF p.56-57 (printed 44-45), Note 9 Risk Management",The general liability insurance is limited to $1 million per occurrence and an aggregate $3 million limit.,ok,2026-10-08,high
County of Washington,county,2023,pool,"pool (NYMIR - New York Municipal Insurance Reciprocal, since 1994)",NYMIR,,,yes,yes,,https://www.washingtoncountyny.gov/DocumentCenter/View/31763/County-of-Washington-Final-FS-2023,"PDF p.59-61 (printed 56-58), Note 3 Contingent Liabilities. FY2023 used: county posts only the FY2024 single-audit report, not FY2024 financial statements",In 1994 the County joined New York Municipal Insurance Reciprocal (NYMIR) for its municipal property and casualty insurance.,ok,2026-10-08,high
County of Wayne,county,2024,mixed,"mixed (partially self-insured for GL, malpractice, auto and unemployment, with commercial policies for certain of these risks)",,,1000000,yes,yes,36700,https://app.fac.gov/dissemination/report/pdf/2024-12-GSAFAC-0000382948,"PDF p.62-64 (printed 59-61), Note 15 Risk Management. Source: FAC single audit package (county site posts only IDA/LDC audits)","The County has elected to be partially self-insured for unemployment, general liability, malpractice, and automobile insurance.",ok,2026-10-08,low
County of Westchester,county,2024,self_insured,"self_insured (GML 6-n self-insurance fund since 1986 for general negligence, auto and public officials liability; reserve held in lieu of commercial insurance)",,,5000000,yes,yes,,https://emma.msrb.org/P21954614-P21492147-P21943953.pdf,PDF p.129-131 (printed 123-125) Note 4 Risk Management; p.277 (printed 273) Self Insurance. Direct EMMA PDF link from county finance page,"Since 1986, the County has self-insured its exposure for general negligence, auto and public official's liability losses and in 1989 included workers' compensation as a self-insurance program.",ok,2026-10-08,high
County of Wyoming,county,2024,commercial,"commercial (GL $1,000,000 per occurrence / $2,000,000 aggregate)",,,1000000,no,yes,,https://app.fac.gov/dissemination/report/pdf/2024-12-GSAFAC-0000371938,"PDF p.60 (printed 48), Note 8 Risk Management. Source: FAC single audit package (county Financial Audits archive is empty)",The general liability insurance is limited to $1 million per occurrence and an aggregate $2 million limit.,ok,2026-10-08,high
County of Yates,county,2024,self_insured_with_excess,self_insured_with_excess,,50000,10000000,yes,yes,,https://www.yatescountyny.gov/DocumentCenter/View/8469/2024-Basic-Financial-Statements-PDF,"PDF p.61 (printed 50), Note 9 Risk Management",The County purchases commercial insurance for claims in excess of self-insurance coverage and for all other risks of loss.,ok,2026-10-08,high
City of Yonkers,city,2024,self_insured,self_insured (no excess purchased for liability or workers' comp; conventional property/casualty and public officials policies only),,,,no,yes,,https://www.yonkersny.gov/ArchiveCenter/ViewFile/Item/681,ACFR FY6/30/2024; Note 4.C Risk Management printed p.75 (pdf p104); Note 3 Claims Payable rollforward printed p.66 (pdf p95),"The City is currently self-insured for general, auto, police and fire liability and workers' compensation claims. Conventional insurance is not purchased for catastrophic losses.",ok,2026-10-08,high
City of Rochester,city,2024,self_insured,self_insured (fully self-insured for general liability and workers' comp; GL claims funded through a Claims Settlement internal service fund),,,500000,unclear,yes,,https://cityofrochester.gov/sites/default/files/2024-12/2024%20ACFR%20-%20City%20of%20Rochester%2C%20NY.pdf,ACFR FY6/30/2024; Notes IV.A Risk Management printed p.87-88 (pdf p91),The City has been fully self-insured for all workers' compensation and general liability risks for over thirty years.,ok,2026-10-08,high
City of Buffalo,city,2024,self_insured,"self_insured (self-insured for general liability; commercial coverage only for the ballpark, public employee liability and data processing equipment)",,,,unclear,yes,,https://www.buffalocomptrollerny.gov/DocumentCenter/View/603/2023-2024-City-of-Buffalo-Comprehensive-Annual-Financial-Report,ACFR FY6/30/2024; Note 8 Risk Management printed p.70-71 (pdf p89-90); long-term liabilities rollforward pdf p92,The City is self-insured for general liability risk. The City is self-insured for workers' compensation and has accrued its best estimate of both asserted and unasserted workers' compensation losses.,ok,2026-10-08,high
City of New Rochelle,city,2024,self_insured_with_excess,self_insured_with_excess (commercial GL/law enforcement/public officials/auto policy above a $1M SIR; deductibles funded through a General Liability internal service fund),,,,no,yes,,https://www.newrochelleny.gov/DocumentCenter/View/21775/2024-Year-End-Financial-Report,ACFR CY2024; Note 14(c) Risk Management printed p.65 (pdf p81); Note 8 Claims Payable rollforward printed p.53-54 (pdf p70-71),"General liability coverage, law enforcement professional coverage, employee benefits liability coverage, public officials liability and automobile coverage of $10 million, with a $1 million self-insured retention per occurrence, with an annual aggregate of $11 million for all of the above policies.",ok,2026-10-08,high
City of Syracuse,city,2024,self_insured,"self_insured (primarily self-insured for general liability, workers' comp, medical and dental; property coverage only above $250,000 per occurrence for certain buildings)",,,,yes,yes,,https://www.syr.gov/files/sharedassets/public/v/1/departments/finance/documents/city-of-syracuse-new-york-2024-fs-final.pdf,Audited FS FY6/30/2024; Note 9 Self Insurance printed p.72-73 (pdf p77-78); Note 5 long-term liabilities pdf p56,"The City is primarily self-insured for medical, dental, workers' compensation and general liability claims.",ok,2026-10-08,high
City of White Plains,city,2024,self_insured_with_excess,"self_insured_with_excess (self-insures general and auto liability; excess umbrella liability policy above a $1,000,000 SIR; Self Insurance Fund internal service fund)",,,,unclear,yes,,https://www.cityofwhiteplains.com/DocumentCenter/View/10444/2023-2024,ACFR FY6/30/2024; Note 4.A Self Insurance Fund printed p.85 (pdf p93); Claims Payable rollforward printed p.79-80 (pdf p87),"The City self-insures its general liability and automobile liability and purchases an excess umbrella liability insurance policy ($1,000,000 self-insured retention).",ok,2026-10-08,high
City of Albany,city,2024,unknown,"unclear (statements contain no risk-management/insurance note; only a $3,388,000 judgments-and-claims accrual and workers' comp self-insurance are disclosed)",,,,yes,yes,,https://albanyny.gov/ArchiveCenter/ViewFile/Item/319,Audited FS + Uniform Guidance ('Long Form') CY2024; Note 14(c) Litigation and contingent liabilities pdf p50; MD&A pdf p17. Short Form (ADID 320) has the same notes.,"The City self-insures workers' compensation claims. The City and its component units, with the exception of the BID, the Association, and the CBID, all participate in the self-insurance program.",note_not_found,2026-10-08,low
City of Niagara Falls,city,2024,self_insured_with_excess,"self_insured_with_excess (retains tort/general liability losses up to $1,000,000; insurance above that; all risk activity reported in a Self Insurance Fund)",,,,yes,yes,,https://www.niagarafallsusa.org/Documents/Government/Department/Controller/City%20of%20Niagara%20Falls%20Final%20FS%202024.pdf,Audited FS CY2024; Note 5 Risk Financing printed p.61-62 (pdf p65-66),"The City has determined that it was not economically justifiable to carry insurance for risks or loss related to torts and other general liability claims except for amounts in excess of $1,000,000.",ok,2026-10-08,high
City of Mount Vernon,city,2021,self_insured_with_excess,"self_insured_with_excess (general, law enforcement and auto liability policy with $7M limits above a $350,000 SIR; public officials/EPL $8M above $100,000 SIR)",,,,unclear,yes,,https://cmvny.com/DocumentCenter/View/12681/City-Audit-Report-2021,"Audited FS CY2021 (most recent issued; FY2022-2024 audits not posted as of 2026-10-08, FAC also shows FY2021 as latest); Note 4.C Risk Management printed p.49 (pdf p51); Claims Payable rollforward printed p.38 (pdf p40)","The City maintains general, law enforcement and auto liability insurance with limits of $7million, excess of a self-insured retention (“SIR”). From 2010 to the present, the City has a $350,000 SIR, except for the 2014/15 policy year which had an SIR of $250,000.",ok,2026-10-08,high
City of Schenectady,city,2024,commercial,"commercial (general liability insurance with a $50,000-$100,000 per-claim deductible depending on claim type; a small 'risk retention (litigation)' liability is carried)",,,,yes,yes,,https://app.fac.gov/dissemination/report/pdf/2024-12-GSAFAC-0000371135,Audited FS CY2024 via FAC single-audit package (city site archive stops at 2016); Note 1.H printed p.23-25 (pdf p25-27),"The City maintains general liability insurance which carries a deductible of $50,000 to $100,000 per claim based on the type of claim.",ok,2026-10-08,high
City of Utica,city,2024,self_insured,self_insured (note states the City assumes the risk for general liability; no excess coverage disclosed),,,,yes,unclear,,https://app.fac.gov/dissemination/report/pdf/2024-03-GSAFAC-0000352687,Audited FS FY ended 3/31/2024 via FAC single-audit package (not posted on cityofutica.com; FY3/31/2025 also on FAC: 2025-03-GSAFAC-0000394903); Note 1 Insurance pdf p34; Note 16 pdf p55; Note 18 Self-Insured Activity pdf p57,"The City assumes the risk for general liability. The City is involved in many pending tort claims against it, the ultimate outcomes of which cannot be reasonably determined.",ok,2026-10-08,high
City of Troy,city,2024,self_insured_with_excess,"self_insured_with_excess (self-insured for the first $750,000 of any claim; general liability insurance of $3M per occurrence above; older claims carry $500,000, one recent claim $1,000,000 retention)",,,,yes,yes,,https://troyny.gov/Archive.aspx?ADID=1375,Audited basic FS CY2024; Note 10 Commitments and Contingencies printed p.52-53 (pdf p56-57),"The City is self-insured for the first $750,000 of any claim, and carries general liability insurance of $3 million per occurrence above the self-insured limit.",ok,2026-10-08,high
City of Binghamton,city,2024,self_insured,self_insured (self-insured for general liability since 1985 through an internal service self-insurance fund; no excess coverage disclosed),,,,yes,no,,https://www.binghamton-ny.gov/home/showpublisheddocument/16434/638981104317600000,Audited FS CY2024; Note 11 Risk Financing printed p.52 (pdf p55); Note 1.L Insurance pdf p36,"Effective June 1, 1985, the City became self-insured for general liability exposure. A self-insurance fund was established as an internal service fund to administer the City's insurance program for general liability for all City departments and funds.",ok,2026-10-08,high
City of Long Beach,city,2024,self_insured_with_excess,"self_insured_with_excess (first $500,000 per GL/law enforcement occurrence self-insured through a Risk Retention internal service fund; excess liability above)",,,,unclear,no,,https://www.longbeachny.gov/vertical/sites/%7BC3C1054A-3D3A-41B3-8896-814D00B86D2A%7D/uploads/Final_747.pdf,Audited FS FY6/30/2024; Note 6 Risk Management printed p.68-69 (pdf p71-72),"the City was self-insured for the first $500,000 per general liability including law enforcement liability occurrences, $500,000 Public Officials and Employment Practices liability claims",ok,2026-10-08,high
City of Rome,city,2024,unknown,"mixed/unclear (note says the City is self-insured for general liability, then that it 'is covered for general liability but is liable for prior claims'; no retention or limit stated)",,,,yes,yes,,https://romeny.gov/wp-content/uploads/2026/02/2024-Issued-FS.pdf,Audited FS CY2024; Note 3 Self-Insured printed p.57 (pdf p59); Note 1 Insurance pdf p37,The City is self-insured for health insurance and general liability. The City is covered for general liability but is liable for prior claims.,ok,2026-10-08,low
City of Poughkeepsie,city,2024,self_insured_with_excess,self_insured_with_excess (commercial insurance for losses above specified limits; self-insured below; limits and carrier not named; no NYMIR reference anywhere in the FY2024 statements),,,,no,unclear,,https://www.cityofpoughkeepsie.gov/Archive.aspx?ADID=236,Audited FS CY2024; Note I.P Risk Retention pdf p29; Note VIII long-term liabilities pdf p41; Note X Judgments and Claims pdf p45,Such risks are generally covered by the purchase of commercial insurance for losses in excess of specified limits. The City was self-insured during 2024 for risks below those limits.,ok,2026-10-08,high
City of Ithaca,city,2021,commercial,commercial (risks covered by commercial insurance purchased from independent third parties; no retention disclosed),,,,no,unclear,,https://app.fac.gov/dissemination/report/pdf/2021-12-GSAFAC-0000374992,Audited FS CY2021 via FAC (most recent on file; OSC 2025M-114 says 2023-2024 books not closed; nothing on cityofithacany.gov); Note 15 Public Entity Risk Pool printed p.50-51 (pdf p64-65); Note 1 Insurance pdf p37,These risks are covered by commercial insurance purchased from independent third parties. Settled claims from these risks have not exceeded commercial insurance coverage for the past three years.,ok,2026-10-08,high
City of Jamestown,city,2024,commercial,"commercial (purchases commercial general liability, law enforcement, public officials, EPL, auto and commercial excess liability policies)",,,,yes,unclear,,https://www.jamestownny.gov/wp-content/uploads/2026/04/FINAL-Financial-Statements-City-of-Jamestown-NY-12.31.2024-compressed-2.pdf,Audited basic FS CY2024; Note 9 Risk Management printed p.50 (pdf p55),The commercial general liability and employee benefit insurance plans are limited to $1 million per occurrence with a $3 million annual aggregate limit.,ok,2026-10-08,high
City of Elmira,city,2024,unknown,"mixed/unclear (City 'assumes the liability for most risk' and funds a Risk Retention Reserve/Self-Insurance Fund; police liability insured with a $100,000 SIR; general liability coverage otherwise not described)",,,,yes,unclear,,https://www.cityofelmirany.gov/DocumentCenter/View/1145/City-of-Elmira-2024-Financial-Report,Audited FS CY2024; Note 15 Judgments and Claims printed p.58 (pdf p73); Note 1 Insurance pdf p40; Self-Insurance Fund statements pdf p27-28,"The City is insured separately for police liability with a self-insured retention of $100,000 in each case.",ok,2026-10-08,low
City of Newburgh,city,2024,self_insured_with_excess,"self_insured_with_excess (self-insured for property/liability since 1978 with excess loss insurance; GL SIR $500,000 with $5M per claim / $5M aggregate)",,,,no,no,,https://www.cityofnewburgh-ny.gov/Archive.aspx?ADID=1384,ACFR CY2024; Note 4.A Risk Management printed p.58-59 (pdf p79-80); Claims Payable rollforward printed p.52-53 (pdf p73-74),"General Liability, Employee Benefits Liability: Self-Insured retention of $500,000. Total extent of coverage is $5 million per claim and $5 million aggregate;",ok,2026-10-08,high
Town of Hempstead,town,2024,self_insured,self_insured (fully self-insured for general liability; no excess liability policy mentioned; property insurance only),,,250000000,no,yes,,https://app.fac.gov/dissemination/report/pdf/2024-12-GSAFAC-0000382427,"Note 4.A Risk Retention, pdf pp83-84 (report pp79-80)",The Town is self-insured for general liability claims.,ok,2026-10-08,high
Town of Islip,town,2024,self_insured_with_excess,self_insured_with_excess (self-insurance risk management program accounted for in the general fund; excess policy above SIR),,1000000,5000000,no,yes,,https://app.fac.gov/dissemination/report/pdf/2024-12-GSAFAC-0000382417,"Note 4.C Self-Insurance Program, pdf pp85-86 (report pp79-80)","With respect to general liability, the Town maintains a self-insured retention of $1,000,000.",ok,2026-10-08,high
Town of Oyster Bay,town,2024,self_insured_with_excess,self_insured_with_excess,,1000000,11000000,no,yes,,https://app.fac.gov/dissemination/report/pdf/2024-12-GSAFAC-0000380880,"Note 4.A Risk Management, pdf pp111-112","The Town is self-insured for the first $1,000,000 per occurrence and carries excess liability insurance coverage for a total of $11,000,000 per occurrence with a $21,000,000 annual aggregate for claims of General Liability, Law Enforcement Liability and Automobile Liability.",ok,2026-10-08,high
Town of Brookhaven,town,2024,self_insured_with_excess,self_insured_with_excess (commercial casualty policy above SIR plus a second excess layer),,1000000,10000000,unclear,yes,,https://app.fac.gov/dissemination/report/pdf/2024-12-GSAFAC-0000375851,"Note 18.A Risk management and 18.B Litigation, pdf pp73-74 (report pp68-69)","The Town self-insures for general and auto liability insurance up to a maximum of $1,000,000 per claim.",ok,2026-10-08,high
Town of North Hempstead,town,2024,self_insured_with_excess,self_insured_with_excess,,500000,5000000,unclear,yes,,https://app.fac.gov/dissemination/report/pdf/2024-12-GSAFAC-0000400322,"Note 4.B Risk Management, pdf p95 (report p74)","The Town carries excess liability insurance coverage of $5,000,000 per occurrence, with a $15,000,000 annual aggregate, and is self-insured, up to $500,000, for claims under this coverage.",ok,2026-10-08,high
Town of Huntington,town,2023,self_insured_with_excess,self_insured_with_excess (bodily injury/property damage; auto liability self-insured),,1000000,11000000,no,yes,,https://app.fac.gov/dissemination/report/pdf/2023-12-GSAFAC-0000054693,"Note D.1 Risk Retention, pdf pp104-105 (report pp96-97); FY2024 not on FAC as of 2026-10-08","The Town self-insures for bodily injury and property damage up to a maximum of $1,000,000 per claim.",ok,2026-10-08,high
Town of Smithtown,town,2024,self_insured_with_excess,"self_insured_with_excess (commercial GL policy $1M per occurrence/$3M aggregate above a $1.5M SIR, plus $10M excess)",,1500000,1000000,no,yes,,https://app.fac.gov/dissemination/report/pdf/2024-12-GSAFAC-0000375372,"Note 4.A Risk Retention, pdf pp62-63 (report pp56-57)","The Town's general liability policy coverage is $1 million per occurrence/$3 million aggregate, with a $1.5 million self-insured retention.",ok,2026-10-08,high
Town of Ramapo,town,2023,commercial,"commercial (GL policy with $50,000 per-occurrence deductible, $200,000 annual maximum; note that GL claims are carried in a General Liability Internal Service Fund with a $7,627,131 liability, so retained exposure appears larger than the deductible implies)",,50000,,unclear,yes,,https://app.fac.gov/dissemination/report/pdf/2023-12-GSAFAC-0000052257,"Note 8.B Claims and Judgements Payable, pdf p51; Note 12.A, pdf p62; FY2024 not on FAC as of 2026-10-08","The Town maintains a general liability insurance policy with a deductible of $50,000 per occurrence subject to an annual maximum deductible of $200,000.",ok,2026-10-08,high
Town of Babylon,town,2024,self_insured_with_excess,self_insured_with_excess (self-insurance program for general and auto liability administered by an independent company),,1000000,5000000,no,no,,https://app.fac.gov/dissemination/report/pdf/2024-12-GSAFAC-0000374607,"Note 4.A Risk Management, pdf p88 (report p82)","The Town carries excess liability insurance coverage of $5,000,000 per occurrence with a $5,000,000 annual aggregate, excess of a $1,000,000 self-insured retention, except for Public Officials and Employment Practices claims, which are subject to a $100,000 self-insured retention.",ok,2026-10-08,high
Town of Greenburgh,town,2024,self_insured_with_excess,self_insured_with_excess (commercial GL policies above SIR; retentions paid through the Risk Retention internal service fund),,500000,5000000,unclear,no,,https://app.fac.gov/dissemination/report/pdf/2024-12-GSAFAC-0000389121,"Note 4.B Risk Management, pdf pp93-94 (report pp66-67)","There is a $500,000 Self-Insured Retention for General Liability, Automobile Liability, Public Officials Liability, and Employment Practices Liability, and a $250,000 Each Occurrence Self-Insured Retention for Law Enforcement Liability.",ok,2026-10-08,high
Town of Amherst,town,2024,self_insured_with_excess,self_insured_with_excess (risk management activities reported in a Self Insurance internal service fund; excess liability purchased above $2 million),,2000000,2000000,unclear,yes,,https://app.fac.gov/dissemination/report/pdf/2024-12-GSAFAC-0000370527,"Note 9 Risk Management, pdf pp63-64 (report pp50-51); quoted sentence breaks across the page boundary",The Town also purchases excess liability coverage for claims in excess of $2 million limited to $20 million per occurrence or wrongful act or employee benefit wrongful act.,ok,2026-10-08,high
Town of Clarkstown,town,2024,self_insured_with_excess,"self_insured_with_excess (uninsured risks financed in General, Town Outside Village, Highway and Sanitation funds; commercial insurance above retentions)",,100000,,no,yes,12390049,https://app.fac.gov/dissemination/report/pdf/2024-12-GSAFAC-0000384237,"Note D Risk Retention - Individual Entities (Other Than Pools), pdf p66 (report p63); Note H Risk Management pdf p60","For Liability coverage, the Town presently retains $100,000 per occurrence and for Property coverages the Town retains $50,000 per occurrence.",ok,2026-10-08,high
Town of Southampton,town,2024,commercial,"commercial (base GL $1,000,000 per occurrence / $2,000,000 aggregate plus umbrella; the Town nonetheless carries a general liability claims reserve of $1,900,000 estimated with legal counsel, so a retention exists but is not stated)",,,1000000,unclear,no,,https://app.fac.gov/dissemination/report/pdf/2024-12-GSAFAC-0000379781,"Note 16.A Risk management, pdf pp87-88 (report pp79-80)","The Town carries base general liability insurance coverage of $1,000,000 per occurrence with a $2,000,000 annual aggregate.",ok,2026-10-08,high
Town of Orangetown,town,2023,self_insured_with_excess,"self_insured_with_excess (SIR per claim with insurance above, retentions paid through a Risk Retention internal service fund)",,100000,10000000,no,yes,,https://app.fac.gov/dissemination/report/pdf/2023-12-GSAFAC-0000046177,"Note 4.B Risk Management, pdf pp96-97 (report pp67-68); FY2024 not on FAC as of 2026-10-08","The Town's policies for general liability, law enforcement and auto liability have a self-insured retention level of $100,000 per claim.",ok,2026-10-08,high
Town of Cheektowaga,town,2024,mixed,mixed (Town retains general liability risk in the General Fund and also purchases GL insurance of $1 million per occurrence / $10 million aggregate; retention not stated),,,1000000,yes,yes,,https://app.fac.gov/dissemination/report/pdf/2024-12-GSAFAC-0000379534,"Note 9 Risk Management, pdf p60 (report p50)",The Town also retains risk related to general liability.,ok,2026-10-08,low
Town of Tonawanda,town,2024,self_insured_with_excess,self_insured_with_excess (Town assumes liability for most risk; Self Insurance internal service fund; commercial excess liability above),,,10000000,unclear,yes,,https://app.fac.gov/dissemination/report/pdf/2024-12-GSAFAC-0000375597,"Note 8 Risk Management, pdf p56 (report p44)","The Town carries commercial excess liability insurance of $10,000,000 per occurrence.",ok,2026-10-08,high
Town of Colonie,town,2024,self_insured_with_excess,self_insured_with_excess (commercial insurance purchased above the self-insured amount),,1000000,1000000,no,yes,,https://app.fac.gov/dissemination/report/pdf/2024-12-GSAFAC-0000374028,"Note 14.c Litigation, pdf p95 (report p93); no separate risk-management note","The Town is self-insured for up to $1,000,000 for general liability claims.",ok,2026-10-08,high
Town of Yorktown,town,2024,commercial,"commercial (GL policy $1,000,000 per occurrence / $3,000,000 aggregate with a $25,000 deductible, plus $5,000,000 excess; GL and WC claims run through Internal Service Funds)",,25000,1000000,unclear,yes,,https://app.fac.gov/dissemination/report/pdf/2024-12-GSAFAC-0000370161,"Note 4.B Risk Management, pdf pp59-60 (report pp55-56)","The Town has General Liability coverage with limits of $1,000,000 each occurrence with a $3,000,000 general aggregate with a deductible of $25,000 each occurrence.",ok,2026-10-08,high
Town of Riverhead,town,2023,self_insured_with_excess,self_insured_with_excess (catastrophic loss coverage above SIR since 1993; Risk Retention internal service fund),,250000,10000000,no,yes,,https://www.townofriverheadny.gov/DocumentCenter/View/251/2023-Audited-Basic-Financial-Statement-PDF,"Note 4.A Risk Management, pdf pp79-80 (report pp76-77); not on FAC; town site has only the FY2024 AUD update, not audited FY2024 statements","This catastrophic loss coverage has a self-insured retention of $250,000 per occurrence.",ok,2026-10-08,high
Town of Southold,town,2024,commercial,"commercial (note calls it a self-insurance risk management program, but exposure is a $50,000 per-claim GL deductible under primary policies of $1,000,000 per claim plus a $10,000,000 umbrella)",,50000,1000000,no,unclear,,https://app.fac.gov/dissemination/report/pdf/2024-12-GSAFAC-0000387849,"Note D Risk Management, pdf pp68-69 (report pp62-63)","For the year ended December 31, 2024, the Town has a deductible liability exposure of $50,000 per claim for general liability, $25,000 per claim for automobile liability, police liability and employee benefits, and $10,000 per claim for public officials and employment practices.",ok,2026-10-08,high
Town of Mount Pleasant,town,2023,commercial,"commercial (conventional GL and law enforcement policies $1,000,000 per occurrence; umbrella and excess to $15,000,000)",,,15000000,no,no,,https://app.fac.gov/dissemination/report/pdf/2023-12-GSAFAC-0000049161,"Note 4.B Risk Management, pdf p62 (report p59); FY2024 not on FAC as of 2026-10-08",The general liability and law enforcement policies each provide coverage up to $1 million per occurrence.,ok,2026-10-08,high
Town of Cortlandt,town,2024,self_insured_with_excess,"self_insured_with_excess (GL policy $1,000,000 per occurrence / $3,000,000 aggregate above a $100,000 SIR; excess policy to $10,000,000)",,100000,1000000,no,yes,,https://app.fac.gov/dissemination/report/pdf/2024-12-GSAFAC-0000373904,"Note 4(c) Risk Management, pdf p84 (report p71); Note 4(a) Litigation pdf p83","There is a $100,000 self-insured retention per claim.",ok,2026-10-08,high
Town of Clay,town,2024,unknown,"unclear (regulatory-basis financial statements, 35 pages; Note 10 Commitments and Contingencies covers grants only; no insurance or risk note)",,,,unclear,unclear,,https://townofclayny.gov/sites/default/files/2025-09/Town%20of%20Clay%20-%202024%20Issued%20FS.pdf,Regulatory basis statements (adverse GAAP opinion); not on FAC; found on town site via DuckDuckGo,(the audited statements contain no risk-management or insurance note),note_not_found,2026-10-08,low
Town of Irondequoit,town,2024,commercial,commercial,,,,unclear,no,,https://app.fac.gov/dissemination/report/pdf/2024-12-GSAFAC-0000373801,"Accounting policies - Insurance, pdf p32 (report p28); Note 15 Self Insurance, pdf p55 (report p51)",These risks are covered by commercial insurance purchased from independent third parties.,ok,2026-10-08,high
Town of Greece,town,2024,self_insured_with_excess,"self_insured_with_excess (Self-Insurance Fund covers GL, auto, property, WC; stop-loss insurance plus umbrella; general-information paragraph also says risks are covered by commercial insurance)",,,,unclear,yes,,https://app.fac.gov/dissemination/report/pdf/2024-12-GSAFAC-0000376573,"Note VIII.B Self-Insurance Fund, pdf p55 (report p53)","The Town's self-insurance coverage applies to general liability, automobile liability, property damage, public works equipment, workers' compensation and general real property coverage.",ok,2026-10-08,high
Town of Haverstraw,town,2023,commercial,commercial,,,,no,yes,,https://emma.msrb.org/P21855448.pdf,"Note I Risk Management, pdf p53 (report p50); EMMA direct PDF; FY2024 not found (not on FAC, town site posts budgets only)",These risks are covered by commercial insurance purchased from independent third parties.,ok,2026-10-08,high
Town of East Hampton,town,2024,commercial,"commercial (base GL $1,000,000 per occurrence / $2,000,000 aggregate plus umbrella; small self-insured defense-cost and indemnity retentions)",,25000,1000000,unclear,yes,,https://app.fac.gov/dissemination/report/pdf/2024-12-GSAFAC-0000375692,"Note 15.A Risk management, pdf pp74-75 (report pp70-71)","The Town is self-insured for $25,000 per occurrence of defense costs on any general liability claim and $175,000 in total for indemnity payments during any one year.",ok,2026-10-08,high
Town of Hamburg,town,2024,self_insured,self_insured (Town retains general liability risk and reports risk management in the General Fund; no GL retention amount or excess liability policy stated),,,,unclear,yes,,https://app.fac.gov/dissemination/report/pdf/2024-12-GSAFAC-0000401878,"Note 17 Risk Financing Activities, pdf p65 (report p59); accounting policy pdf p37","Previously , the Town had been retaining risk related to general liability only.",ok,2026-10-08,high
Town of Webster,town,2023,commercial,commercial,,,,no,no,,https://app.fac.gov/dissemination/report/pdf/2023-12-GSAFAC-0000037062,"Note VIII Risk Management, pdf p60 (report p58); FY2024 not on FAC as of 2026-10-08","The Town carries commercial insurance for risk of loss, including general liability insurance, property insurance, and insurance on its fleet.",ok,2026-10-08,high
Town of Union,town,2024,commercial,commercial,,,,unclear,unclear,,https://app.fac.gov/dissemination/report/pdf/2024-12-GSAFAC-0000389192,"Note 13 Insurance and Risk Management, pdf p47 (report p44)",These risks are covered by commercial insurance purchased from independent third parties.,ok,2026-10-08,high
Village of Freeport,village,2024,mixed,"mixed (self-insurance risk management program for liability and casualty with a TPA, plus commercial GL insurance up to approximately $5 million total with per-occurrence sub-limits up to $1 million; retention not stated)",,,5000000,unclear,yes,,https://app.fac.gov/dissemination/report/pdf/2024-02-GSAFAC-0000367880,"Note 4.c Risk Management, pdf p66 (report p64); FYE February 29, 2024","The Village maintains a self-insurance risk management program for liability and casualty, property damage, workers' compensation, and unemployment.",ok,2026-10-08,low
Village of Hempstead,village,2024,self_insured_with_excess,self_insured_with_excess (Self-Insurance Fund services all claims; commercial insurance purchased only for excess claims; retention and excess limits not stated),,,512785,unclear,yes,862460,https://app.fac.gov/dissemination/report/pdf/2024-05-GSAFAC-0000386266,"Note 13 Risk management / Self-insurance program, pdf p57 (report p55); SIF statement pdf p24; FYE May 31, 2024",It is the policy of the Village to purchase commercial insurance only for excess claims.,ok,2026-10-08,high
Village of Garden City,village,2024,self_insured_with_excess,self_insured_with_excess (self-insurance program for primary casualty claims in an Internal Service Fund; primary casualty and umbrella policies above the SIR),,,31000000,unclear,no,420979,https://www.gardencityny.net/Archive.aspx?ADID=443,"Note 4.B Risk Management, pdf p67 (report p62); FYE May 31, 2024; village website (FAC only has FY2023)","The Village established a self-insurance risk management program for primary casualty claims, which is accounted for in the Internal Service Fund.",ok,2026-10-08,high
Village of Rockville Centre,village,2024,mixed,"mixed (self-insurance risk management program for liability and casualty with a TPA, and commercial GL insurance up to approximately $5 million total with per-occurrence sub-limits up to $1 million; retention not stated)",,,5000000,unclear,yes,692473,https://app.fac.gov/dissemination/report/pdf/2024-05-GSAFAC-0000353411,"Note 10.c Risk Management, pdf p58 (report p56); FYE May 31, 2024","The Village also purchases commercial insurance for general liability claims, with coverage up to approximately $5 million in total, with various limits per occurrence, subject to sub-limits up to $1 million.",ok,2026-10-08,low
Village of Port Chester,village,2024,commercial,"commercial (primary GL $1,000,000 per occurrence / $2,000,000 aggregate with a $50,000 bodily injury deductible; umbrella above)",,50000,10000000,no,unclear,,https://app.fac.gov/dissemination/report/pdf/2024-05-GSAFAC-0000064474,"Note 8 Risk Management, pdf pp50-51 (report pp38-39); FYE May 31, 2024","The Village carries an umbrella liability policy limited to $10,000,000 per occurrence and $20,000,000 in aggregate over the underlying primary policies.",ok,2026-10-08,high
Village of Valley Stream,village,2024,self_insured_with_excess,self_insured_with_excess (risk retention fund reported within the general fund),,250000,11000000,unclear,yes,,https://valleystream.govoffice.com/vertical/Sites/%7BBC0696FB-5DB8-4F85-B451-5A8D9DC581E3%7D/uploads/Audited_Financials_-_5-31-24_Valley_Stream.pdf,"Note 4.B Risk Management, pdf pp55-56 (report pp51-52), scanned PDF read via OCR; FYE May 31, 2024; not on FAC","The Village is self-insured for general liability on the first $250,000 per loss with insurance protection coverage of up to $11,000,000 for any one loss and a $12,000,000 annual aggregate.",ok,2026-10-08,high
Village of Lynbrook,village,2024,unknown,unclear (financial statements contain no risk management or insurance note; FY2023 FAC package village_lynbrook_2023.pdf also has none),,,,unclear,unclear,,https://lynbrookvillage.gov/wp-content/uploads/2025/03/Financial-Statement-Report-fiscal-yr-5-31-24.pdf,"Note 12 Contingencies, Risks, and Uncertainties covers only grants and tax certiorari; FYE May 31, 2024; FY2025 statements also posted on village site",(the audited statements contain no risk-management or insurance note),note_not_found,2026-10-08,low
Village of Mineola,village,2024,commercial,commercial,,,,no,yes,,https://www.mineola-ny.gov/DocumentCenter/View/730/Fiscal-Year-Ended-May-31-2024,"Note 11 Risk Management, pdf p62 (report p60), scanned PDF read via OCR; FYE May 31, 2024; village website (FAC has only FY2022)","The Village of Mineola is exposed to various risks of loss related to torts; theft, damages to, and destruction of assets; errors and omissions; trip and fall injuries; and natural disasters, all of which are insured by general liability insurance.",ok,2026-10-08,high
Village of Ossining,village,2024,self_insured_with_excess,"self_insured_with_excess (SIR per occurrence, primary policy above, excess above that; internal service fund charges premiums to governmental funds)",,250000,1000000,yes,yes,,https://app.fac.gov/dissemination/report/pdf/2024-12-GSAFAC-0000373968,"Note 4 Risk Management, pdf p61 (report p58)","The Village's policies for general liability, automobile liability, property and public officials' errors and omissions coverage have self-insured retention levels of $250,000 per occurrence, while the Property Insurance has a $100,000 deductible for the January 1 to December 31, 2024 policy year.",ok,2026-10-08,high
Village of Spring Valley,village,2024,unknown,"unclear (no risk management, insurance, litigation or contingencies note in the FY2024 statements)",,,,unclear,unclear,,https://app.fac.gov/dissemination/report/pdf/2024-05-GSAFAC-0000431994,"FYE May 31, 2024; budget-to-actual schedule shows 'Unallocated insurance' $1,259,661 and 'Judgement and claims' $53,496 actual (pdf ~p50) but no note",(the audited statements contain no risk-management or insurance note),note_not_found,2026-10-08,low
